student,income,balance,default
No,60.204,0,0
No,39.318,265,0
Yes,12.147,1947,0
No,55.574,1914,1
No,48.837,1281,0
No,45.552,1447,0
No,38.104,1839,0
Yes,17.817,1474,0
No,23.648,1815,1
No,37.88,220,0
No,39.899,748,0
No,32.363,1222,0
Yes,25.386,1103,0
Yes,17.987,1704,0
No,35.773,1143,0
No,35.013,392,0
No,44.603,1523,0
Yes,16.738,1415,0
No,51.601,368,0
Yes,16.561,964,0
Yes,20.29,486,0
No,54.599,1445,0
Yes,26.188,765,0
Yes,21.696,7,0
Yes,18.62,637,0
No,42.112,1559,0
No,53.594,76,0
No,35.766,1121,0
Yes,17.504,436,0
No,47.864,839,0
No,28.621,598,0
No,24.089,1457,0
Yes,18.794,689,0
No,30.653,1096,0
No,48.792,67,0
No,43.225,1404,0
Yes,19.702,1406,0
No,49.019,1470,0
Yes,21.909,685,0
No,10.175,966,0
No,39.546,509,0
No,51.551,1366,0
No,42.895,1279,0
No,50.612,930,0
Yes,13.648,996,0
No,29.317,25,0
No,37.086,198,0
Yes,29.237,641,0
Yes,20.79,1327,0
No,38.394,1044,0
No,31.559,1051,0
Yes,18.666,1590,0
No,27.207,1163,0
No,45.457,949,0
No,37.095,1022,0
No,43.693,680,0
No,48.336,799,0
No,42.754,721,0
Yes,23.15,1152,0
No,31.871,637,0
No,35.835,971,0
Yes,11.293,1367,0
Yes,10.178,1773,0
No,33.419,110,0
No,38.298,705,0
Yes,21.358,532,0
No,41.978,270,0
No,37.351,1093,0
No,53.142,414,0
Yes,17.626,711,0
Yes,18.818,733,0
No,44.021,185,0
No,20.079,797,0
No,29.514,0,0
Yes,14.662,1504,0
No,30.466,631,0
Yes,18.614,1035,0
No,23.527,239,0
No,46.578,1119,0
Yes,14.322,1028,0
No,39.311,530,0
Yes,22.194,1155,0
Yes,19.229,322,0
No,29.697,879,0
Yes,22.01,1658,0
No,32.889,864,0
No,47.816,215,0
No,25.965,0,0
Yes,20.949,852,0
Yes,17.834,1007,0
No,32.363,1253,0
No,29.736,673,0
Yes,15.82,739,0
No,33.851,672,0
No,38.01,770,0
No,27.669,1425,1
No,18.221,509,0
No,28.401,522,0
No,24.858,533,0
No,30.179,943,0
No,20.766,1148,0
No,42.709,1586,0
No,49.057,988,0
No,23.867,304,0
Yes,11.672,1258,0
No,35.504,769,0
Yes,16.421,1448,0
No,53.972,1518,0
No,34.129,584,0
No,47.634,456,0
Yes,22.475,876,0
No,46.222,529,0
No,37.961,883,0
No,57.304,1241,0
No,49.044,971,0
No,48.958,177,0
Yes,19.625,585,0
No,39.163,1598,1
No,46.972,904,0
Yes,21.042,566,0
Yes,13.821,1014,0
No,24.265,1186,0
No,37.869,248,0
No,32.283,1392,0
Yes,15.176,177,0
No,50.99,359,0
Yes,18.918,1218,0
Yes,26.348,1067,0
Yes,21.297,598,0
No,41.663,342,0
No,40.868,1635,0
No,44.25,273,0
No,28.98,984,0
Yes,26.047,1515,0
No,41.222,809,0
No,35.533,1174,0
No,35.741,712,0
No,28.629,537,0
Yes,11.574,1220,0
No,32.298,645,0
Yes,18.575,599,0
No,34.09,779,0
No,68.038,1208,0
No,46.565,1107,0
Yes,19.554,286,0
No,39.232,1150,0
No,37.923,796,0
No,35.62,435,0
No,45.058,1038,0
No,35.657,2086,1
No,34.232,384,0
No,34.278,825,0
No,52.414,640,0
No,35.117,0,0
Yes,17.358,1529,0
Yes,20.03,1314,0
No,50.114,630,0
No,34.44,487,0
No,37.604,61,0
No,43.827,718,0
No,21.792,605,0
Yes,20.915,59,0
No,35.388,1363,0
No,28.952,1447,0
No,46.683,372,0
Yes,16.417,463,0
No,50.751,975,0
No,42.077,205,0
No,37.428,783,0
No,37.589,148,0
Yes,19.087,631,0
No,32.481,174,0
Yes,12.686,711,0
Yes,21.211,886,0
Yes,20.179,517,0
Yes,26.605,1398,0
No,38.382,1751,1
No,51.057,1717,0
No,34.836,0,0
No,30.776,992,0
No,38.781,1015,0
No,35.087,351,0
No,47.062,665,0
No,53.125,254,0
Yes,15.147,774,0
No,43.243,901,0
No,32.753,632,0
Yes,16.45,1368,0
No,21.871,1662,1
Yes,18.762,1109,0
Yes,15.644,325,0
No,41.668,404,0
No,63.073,1376,0
No,38.385,998,0
No,43.24,1549,0
No,25.082,424,0
No,56.062,904,0
No,51.421,1000,0
Yes,17.824,539,0
No,34.36,352,0
No,50.834,957,0
Yes,23.191,1296,0
Yes,18.913,1472,0
No,35.026,0,0
No,47.684,1175,0
No,41.505,407,0
No,17.823,263,0
No,40.959,1185,0
No,38.648,903,0
No,32.795,1130,0
Yes,13.702,232,0
No,36.959,1139,0
No,44.544,195,0
Yes,17.024,635,0
No,55.369,29,0
No,39.949,1499,0
No,50.578,600,0
No,42.466,232,0
No,25.231,468,0
Yes,15.938,963,0
No,46.953,538,0
No,46.075,641,0
No,32.503,541,0
No,40.062,327,0
Yes,13.275,1580,0
Yes,24.506,158,0
No,55.971,1256,0
No,44.253,1288,1
Yes,25.338,1509,0
Yes,11.506,1807,1
No,35.147,497,0
No,52.665,1381,0
No,17.626,353,0
No,37.501,1591,0
No,48.103,1350,0
No,32.42,983,0
No,40.535,404,0
No,36.582,0,0
No,45.042,286,0
Yes,11.604,1003,0
No,34.26,1184,0
No,63.022,318,0
No,41.69,991,0
No,36.581,241,0
No,51.518,494,0
Yes,12.71,843,0
Yes,25.717,1225,0
No,61.951,837,0
No,44.801,1001,0
No,45.361,399,0
Yes,18.408,1291,0
No,44.965,745,0
Yes,12.699,1153,0
Yes,29.059,770,0
No,21.503,1272,0
No,49.137,952,0
No,46.941,432,0
No,45.132,728,0
No,38.376,890,0
No,34.401,1025,0
No,27.391,818,0
No,26.395,0,0
No,43.288,919,0
No,23.957,844,0
No,57.506,836,0
No,26.332,925,0
No,19.529,1071,0
Yes,20.964,1135,0
No,29.157,982,0
No,35.623,357,0
Yes,20.883,996,0
No,20.353,1317,0
No,50.161,457,0
No,57.1,902,0
No,46.48,488,0
Yes,14.915,1507,0
No,32.723,1688,0
No,51.734,600,0
No,35.196,626,0
Yes,14.305,919,0
No,22.998,877,0
Yes,14.813,781,0
No,61.603,819,0
No,36.462,863,0
No,37.482,0,0
No,24.002,419,0
No,30.289,682,0
No,47.522,42,0
Yes,16.775,435,0
Yes,14.764,1465,0
Yes,12.103,976,0
No,35.158,794,0
No,41.389,0,0
No,54.993,174,0
Yes,18.792,809,0
No,27.697,1261,0
No,56.017,603,0
No,36.578,684,0
Yes,12.323,639,0
No,46.42,1361,0
No,44.303,1231,0
No,30.262,280,0
Yes,20.566,0,0
No,45.953,287,0
No,40.854,761,0
No,57.267,1547,0
No,35.761,276,0
No,38.259,352,0
No,46.502,964,0
No,41.556,1248,0
Yes,18.448,706,0
No,36.016,1066,0
No,63.794,413,0
No,11.151,232,0
No,58.311,1484,0
No,52.493,273,0
Yes,21.343,826,0
No,39.079,766,0
No,25.541,951,0
Yes,18.871,760,0
No,18.594,938,0
No,32.478,1472,0
Yes,12.601,1059,0
Yes,17.279,945,0
Yes,23.661,1352,0
No,44.998,2033,1
No,51.895,1160,0
No,46.698,349,0
Yes,18.026,1479,0
No,31.805,1965,0
No,50.195,529,0
No,52.617,784,0
No,40.316,958,0
No,34.787,2155,1
Yes,12.94,1923,0
No,51.728,431,0
Yes,15.753,1470,0
No,38.438,139,0
No,44.487,359,0
No,34.333,419,0
No,41.592,295,0
No,43.837,304,0
No,25.498,326,0
No,33.49,271,0
No,48.66,736,0
No,41.247,1510,0
Yes,21.968,1251,0
Yes,18.102,1205,0
Yes,11.579,1463,0
No,29.416,1970,1
No,43.656,1216,0
Yes,18.897,771,0
No,42.993,403,0
No,51.674,967,0
Yes,12.928,602,0
Yes,11.778,384,0
No,34.112,263,0
Yes,15.416,571,0
No,37.685,777,0
Yes,23.123,626,0
Yes,18.442,1155,0
No,41.744,1433,0
No,33.783,496,0
No,42.125,1763,0
No,52.24,854,0
No,28.477,619,0
Yes,6.985,1810,0
No,48.552,779,0
Yes,21.315,565,0
No,39.37,432,0
Yes,15.897,601,0
No,33.18,1655,0
No,38.721,214,0
Yes,18.659,152,0
No,37.135,1287,0
Yes,13.191,1500,0
No,31.554,922,0
No,28.675,793,0
No,46.459,1741,0
Yes,23.083,1401,0
Yes,29.019,1025,0
Yes,20.262,989,0
Yes,16.999,677,0
No,48.797,1214,0
No,39.399,285,0
No,32.771,1127,0
Yes,13.3,783,0
No,42.578,400,0
No,47.625,1099,0
Yes,20.671,102,0
No,33.782,0,0
No,39.63,457,0
No,24.453,440,0
No,40.838,556,0
No,41.671,0,0
No,34.991,1184,0
No,31.265,911,0
Yes,25.945,1079,0
Yes,12.384,926,0
No,45.392,648,0
No,45.124,1007,0
Yes,19.638,1095,0
No,35.735,1575,1
No,35.969,1168,0
No,39.173,762,0
No,61.58,761,0
No,35.708,527,0
No,15.233,383,0
No,31.032,1167,0
No,32.9,706,0
No,53.874,483,0
No,47.189,1134,0
Yes,19.303,1204,0
No,32.687,273,0
Yes,25.157,1500,0
No,45.09,794,0
No,45.056,409,0
No,33.606,548,0
Yes,8.272,524,0
No,34.7,1603,0
No,43.738,525,0
No,51.88,1107,0
No,47.339,111,0
No,32.386,987,0
Yes,19.474,1171,0
Yes,13.439,728,0
No,51.721,1329,0
No,44.281,939,0
Yes,23.222,216,0
Yes,20.55,713,0
No,40.036,1244,0
Yes,18.163,0,0
No,38.522,1469,0
Yes,20.933,928,0
Yes,17.962,829,0
No,52.779,1714,0
Yes,22.824,1416,0
No,36.119,323,0
No,31.217,151,0
Yes,16.404,1216,0
Yes,16.772,168,0
No,40.577,438,0
Yes,13.095,1021,0
Yes,21.826,1464,0
No,29.808,1315,0
No,43.345,1128,0
No,45.268,717,0
Yes,19.282,1277,1
No,43.874,1188,0
No,30.51,33,0
No,43.914,1180,0
No,17.473,614,0
No,35.733,1260,0
No,51.737,843,0
Yes,23.049,770,0
Yes,19.846,1468,0
No,46.174,909,0
No,34.067,936,0
Yes,17.354,1308,0
Yes,16.658,1394,0
Yes,18.279,188,0
No,46.012,595,0
Yes,24.324,714,0
Yes,21.116,675,0
No,36.202,0,0
No,51.705,904,0
Yes,20.524,406,0
No,39.26,236,0
No,38.794,195,0
No,26.141,1043,0
No,68.883,751,0
No,53.748,620,0
No,37.993,219,0
Yes,21.515,1594,0
Yes,19.515,861,0
No,34.306,0,0
Yes,14.606,962,0
No,52.319,934,0
Yes,16.785,716,0
No,48.165,933,0
No,52.571,405,0
No,34.934,916,0
Yes,17.366,1458,0
No,62.055,1319,0
Yes,17.255,903,0
No,38.554,1190,0
No,49.119,736,0
No,47.747,821,0
No,29.9,438,0
No,26.231,972,0
Yes,18.446,815,0
No,42.133,1992,1
No,40.908,954,0
No,40.398,1155,0
Yes,13.639,1068,0
No,42.695,1144,0
No,48.615,842,0
Yes,13.563,642,0
No,33.014,677,0
Yes,14.385,1178,0
No,27.126,883,0
No,54.027,1393,0
Yes,15.068,1036,0
No,44.405,768,0
No,35.707,698,0
No,43.93,1532,1
No,43.473,390,0
Yes,22.343,745,0
No,27.382,1606,0
No,38.004,399,0
No,15.468,1302,0
Yes,16.411,1248,0
Yes,15.509,1380,0
No,21.785,1374,0
No,20.151,168,0
No,37.767,338,0
No,48.678,1865,0
Yes,12.419,1264,0
Yes,23.618,1367,0
Yes,11.686,1391,0
No,46.585,556,0
Yes,20.74,376,0
No,39.135,0,0
No,53.64,1216,0
Yes,22.795,963,0
No,30.525,0,0
No,43.66,1335,0
No,42.695,1315,0
No,54.052,1821,0
No,39.143,1333,0
Yes,16.381,980,0
No,45.527,763,0
Yes,25.59,1407,0
Yes,14.66,1092,0
No,22.471,1824,0
No,23.48,291,0
No,39.834,478,0
No,37.18,871,0
No,36.335,899,0
No,39.619,588,0
Yes,18.77,1038,0
No,50.342,1166,1
No,37.17,1043,0
Yes,24.006,1598,0
No,37.793,1432,0
Yes,17.292,750,0
No,49.221,207,0
No,18.488,347,0
No,48.299,1372,0
No,38.431,728,0
No,51.77,628,0
No,47.305,460,0
No,31.419,595,0
Yes,20.36,1775,1
Yes,21.678,1535,0
No,28.683,699,0
Yes,22.111,1138,0
No,37.958,49,0
No,41.59,1325,0
No,48.017,1323,0
No,36.533,1086,0
No,36.502,410,0
No,41.932,1507,0
Yes,14.017,584,0
No,44.932,1259,0
No,42.856,501,0
No,44.981,0,0
Yes,12.104,1402,1
Yes,13.004,1531,1
Yes,19.79,699,0
No,38.815,529,0
No,40.463,246,0
Yes,14.07,1318,0
No,37.953,1016,0
No,50.634,0,0
No,27.439,878,0
No,35.488,197,0
No,39.752,325,0
Yes,20.707,1559,0
Yes,14.298,1127,0
Yes,20.078,1750,0
Yes,22.473,928,0
No,35.634,539,0
Yes,20.892,1704,0
No,44.896,1272,0
No,42.08,1773,1
No,34.156,1484,0
Yes,9.805,1010,0
No,37.627,476,0
No,41.767,1254,0
Yes,16.996,997,0
No,41.486,1041,0
No,37.652,81,0
No,31.655,582,0
Yes,15.76,0,0
No,39.444,612,0
Yes,23.467,1942,0
Yes,15.197,1037,0
Yes,17.04,985,0
No,32.479,1485,0
No,41.005,1493,0
No,32.531,375,0
No,51.306,323,0
No,33.812,278,0
No,58.134,1057,0
No,42.221,308,0
No,56.687,860,0
No,54.207,409,0
No,28.989,1453,0
Yes,15.262,442,0
No,27.455,253,0
No,53.714,723,0
Yes,19.039,656,0
No,44.31,1496,0
No,52.766,75,0
No,44.092,91,0
No,36.054,1271,0
No,33.175,683,0
No,33.07,128,0
No,47.271,906,0
No,30.385,981,0
No,32.72,1347,0
No,56.611,935,0
No,25.725,290,0
No,57.786,1459,0
No,58.477,831,0
No,33.808,341,0
Yes,16.967,1850,0
No,49.563,114,0
No,38.647,773,0
No,30.368,1167,1
Yes,21.717,1245,0
No,38.96,698,0
Yes,13.06,288,0
No,34.523,0,0
No,33.211,852,0
No,37.119,583,0
No,33.409,1125,0
No,39.533,1104,0
Yes,17.645,1508,0
Yes,21.581,1597,0
No,58.992,941,0
No,48.036,749,0
No,42.028,132,0
No,42.694,732,0
Yes,17.955,1415,0
No,53.266,190,0
No,47.561,1169,0
No,34.434,687,0
No,29.46,1210,0
Yes,12.52,794,0
No,34.286,613,0
No,33.675,362,0
No,31.126,1563,0
No,37.027,321,0
No,47.291,400,0
No,35.382,1253,0
No,43.719,1226,0
No,43.646,383,0
No,25.16,797,0
No,52.238,844,0
No,52.797,572,0
Yes,14.632,1508,0
Yes,20.77,974,0
No,37.455,0,0
No,33.488,1728,0
No,48.701,1607,0
No,46.183,431,0
Yes,18.519,1345,0
Yes,19.173,1568,1
Yes,24.841,1156,0
No,38.403,924,0
Yes,15.253,1015,0
No,33.469,1112,0
No,29.098,0,0
No,41.825,1617,0
No,44.872,1147,0
No,33.865,1217,0
No,44.839,58,0
No,26.906,1556,0
No,29.592,213,0
No,49.111,819,0
Yes,12.399,1894,1
No,33.784,1039,0
Yes,19.205,901,0
No,58.12,863,0
No,38.739,945,0
No,43.782,0,0
No,14.676,485,0
Yes,23.201,1051,0
No,36.29,1218,0
No,53.676,1281,0
No,27.237,10,0
Yes,8.431,1315,0
Yes,16.647,49,0
No,66.916,0,0
No,43.327,1058,0
No,43.659,1112,0
Yes,16.252,51,0
No,45.53,850,0
No,17.292,1124,0
No,41.567,69,0
No,42.774,853,0
No,57.377,934,0
No,37.846,1424,0
Yes,21.663,1109,0
No,58.962,1275,0
No,40.156,334,0
No,42.017,23,0
No,47.348,840,0
No,43.929,524,0
No,34.317,43,0
No,51.179,961,0
Yes,10.538,1582,0
No,37.023,781,0
No,29.89,1189,0
No,38.25,0,0
No,28.894,744,0
Yes,18.978,773,0
No,33.089,1028,0
No,45.463,620,0
No,17.137,421,0
No,32.316,809,0
No,25.321,371,0
No,40.133,509,0
No,51.69,499,0
No,37.459,1020,0
No,44.918,1067,1
Yes,19.871,1180,0
Yes,13.269,1221,0
No,44.281,126,0
No,43.024,848,0
No,47.803,0,0
Yes,9.519,597,0
Yes,18.677,1167,0
No,42.856,695,0
No,38.136,698,0
No,34.19,1596,0
No,32.068,1128,0
No,21.052,27,0
Yes,23.189,904,0
Yes,18.15,1521,0
No,42.132,283,0
No,27.614,0,0
No,22.804,620,0
No,29.24,582,0
No,36.645,1258,0
No,33.949,150,0
No,52.992,712,0
No,35.122,766,0
Yes,27.724,798,0
No,41.804,403,0
No,36.98,429,0
No,39.708,1389,0
No,36.687,646,0
No,36.797,512,0
No,41.663,0,0
No,38.372,1393,0
No,56.623,505,0
No,49.466,574,0
No,32.459,988,0
No,38.614,510,0
No,45.572,455,0
No,46.725,1032,0
No,19.153,1444,0
No,25.011,382,0
No,26.05,984,0
No,43.706,818,0
No,51.669,1073,0
Yes,17.687,969,0
No,37.438,1421,0
No,39.47,0,0
No,40.994,1387,0
No,45.486,0,0
No,51.283,810,0
Yes,22.138,769,0
No,54.891,746,0
No,45.569,1287,0
Yes,18.28,379,0
No,31.315,0,0
No,51.857,685,0
No,33.297,756,0
No,38.677,925,0
No,50.561,1330,0
No,51.394,996,0
No,42.087,221,0
No,36.012,442,0
No,34.141,776,0
No,35.572,929,0
No,32.843,1126,0
No,44.308,927,0
No,37.129,461,0
Yes,20.044,1521,0
Yes,21.019,1830,0
No,38.63,911,0
No,48.086,639,0
No,30.793,466,0
No,46.113,1440,0
No,30.517,1324,0
No,51.206,62,0
No,38.624,1115,0
Yes,21.569,1075,0
Yes,18.66,378,0
No,39.08,1158,0
No,50.991,1292,1
No,40.353,587,0
Yes,11.179,140,0
No,17.435,143,0
No,26.903,687,0
No,43.547,800,0
Yes,15.495,1313,0
No,54.61,0,0
No,37.088,1224,0
No,50.513,553,0
No,41.432,917,0
Yes,20.758,780,0
No,36.488,455,0
No,41.289,475,0
Yes,27.055,998,0
Yes,18.76,808,0
Yes,4.665,1241,0
No,53.507,1512,1
No,49.333,348,0
No,28.837,647,0
Yes,18.996,1306,0
No,19.072,859,0
No,33.777,10,0
No,59.224,1927,1
No,32.667,338,0
No,48.558,1028,0
Yes,23.034,894,0
No,35.648,0,0
No,30.457,134,0
No,33.743,239,0
No,33.722,928,0
Yes,21.614,601,0
No,47.102,906,0
No,46.405,1598,0
Yes,15.957,1556,0
No,38.468,369,0
No,25.715,1075,0
Yes,18.703,700,0
No,33.505,172,0
Yes,19.85,1201,0
Yes,19.651,1013,1
No,33.358,814,0
No,44.465,124,0
No,51.609,809,0
No,35.577,0,0
No,63.433,690,0
No,42.292,111,0
Yes,14.889,884,0
No,46.188,624,0
No,31.368,612,0
No,43.513,455,0
Yes,20.495,1166,0
No,46.329,897,0
No,45.495,518,0
No,33.564,1125,0
No,39.596,1491,0
No,35.134,738,0
Yes,14.907,1418,0
No,24.062,1439,0
Yes,18.603,1502,1
Yes,20.344,1684,0
Yes,15.565,1312,0
No,48.055,989,0
No,36.242,1591,0
Yes,21.673,548,0
No,49.988,1119,0
No,35.877,906,0
No,26.939,59,0
Yes,19.577,846,0
Yes,23.117,966,0
No,45.265,108,0
No,47.207,0,0
No,37.249,621,0
Yes,21.357,1538,1
Yes,23.171,1482,0
No,43.661,1000,0
No,31.031,720,0
Yes,20.37,789,0
No,38.513,114,0
No,43.668,222,0
No,42.533,1271,0
No,37.511,1521,0
No,27.426,1428,0
Yes,26.347,45,0
No,31.992,65,0
Yes,14.355,952,0
No,29.933,196,0
Yes,23.836,2123,1
No,37.98,424,0
No,34.838,0,0
No,30.787,1337,0
Yes,15.038,889,0
No,45.43,986,0
No,16.602,0,0
Yes,25.223,1053,0
No,29.934,798,0
Yes,13.679,2047,1
No,60.841,284,0
No,31.154,682,0
No,39.144,560,0
No,50.136,156,0
Yes,14.16,594,0
No,25.705,795,0
Yes,16.746,1050,0
Yes,20.332,909,0
No,38.792,641,0
No,40.6,163,0
No,35.291,105,0
No,40.24,842,0
No,63.795,562,0
No,35.053,632,0
No,31.978,980,0
Yes,17.966,209,0
Yes,16.615,1647,0
Yes,24.249,1371,0
No,38.422,1019,0
Yes,18.696,1720,0
No,32.932,540,0
Yes,14.833,593,0
Yes,16.725,99,0
No,21.892,457,0
No,55.326,612,0
No,43.036,1101,0
No,42.268,1590,0
No,45.155,766,0
No,49.811,1137,0
No,42.59,584,0
Yes,7.23,1282,0
No,49.231,279,0
Yes,11.742,1059,0
No,19.811,94,0
No,23.91,1338,0
No,52.359,1171,0
No,37.646,1254,0
No,40.016,314,0
Yes,13.033,1491,0
No,45.926,643,0
No,38.632,613,0
No,64.93,534,0
No,35.293,310,0
Yes,22.324,563,0
Yes,23.635,1243,0
No,49.91,992,0
No,48.965,1753,1
No,37.968,1217,0
No,27.707,831,0
No,45.563,327,0
Yes,16.241,1190,0
No,46.282,13,0
No,48.301,312,0
No,17.209,429,0
No,35.929,1554,0
No,25.051,27,0
No,43.244,400,0
No,54.739,525,0
No,34.649,0,0
No,28.492,134,0
No,64.44,1224,0
Yes,13.276,426,0
No,22.589,1023,0
No,59.574,591,0
No,34.756,628,0
Yes,21.411,1803,0
Yes,23.694,583,0
No,45.728,508,0
Yes,13.275,1498,0
No,43.512,893,0
Yes,24.734,139,0
Yes,17.61,462,0
Yes,17.497,879,0
No,43.374,1044,0
No,45.559,289,0
Yes,14.296,1493,0
Yes,19.911,12,0
No,51.579,1750,1
No,22.635,611,0
Yes,17.658,760,0
No,46.497,650,0
No,16.054,1624,0
No,64.526,111,0
No,32.749,1002,0
Yes,22.029,601,0
No,32.359,95,0
Yes,15.132,712,0
No,42.736,751,0
Yes,17.11,670,0
Yes,18.069,1047,0
No,21.287,183,0
No,44.333,1141,0
No,45.697,646,0
Yes,15.519,495,0
No,43.331,464,0
No,35.131,634,0
No,39.915,89,0
No,51.37,1076,0
No,52.998,906,0
Yes,15.49,1816,0
No,42.163,1011,0
No,34.786,222,0
No,29.415,913,0
No,26.138,895,0
No,30.471,289,0
Yes,22.432,1720,0
No,50.309,678,0
No,43.513,0,0
Yes,16.989,326,0
Yes,18.694,885,0
No,37.12,1564,0
No,31.779,695,0
No,38.484,982,0
Yes,17.547,1628,1
Yes,17.459,482,0
No,53.13,1503,0
No,49.63,1067,0
Yes,16.42,420,0
Yes,25.398,1425,1
No,36.731,1484,0
No,47.046,1027,0
No,36.933,389,0
No,52.378,1217,0
No,37.999,491,0
No,50.766,44,0
No,43.313,1296,0
No,51.227,0,0
Yes,23.539,1290,0
Yes,23.034,973,0
No,55.455,397,0
No,40.497,636,0
No,42.132,426,0
No,40.029,1039,0
Yes,12.881,947,0
Yes,20.118,381,0
No,37.622,1734,0
No,44.227,197,0
No,32.179,454,0
No,26.215,1345,0
No,43.154,1302,0
No,43.436,468,0
Yes,23.202,1804,0
No,61.425,384,0
No,49.156,1647,0
Yes,10.365,1007,0
Yes,15.716,289,0
No,19.865,1434,0
No,29.479,1530,0
No,41.714,1035,0
No,56.567,281,0
No,43.996,1218,0
No,50.293,1235,0
Yes,13.475,650,0
No,31.158,678,0
Yes,17.894,2087,1
No,27.365,268,0
No,38.948,691,0
No,56.325,1387,0
No,46.841,571,0
No,45.155,619,0
Yes,19.978,943,0
No,28.44,166,0
Yes,19.389,936,0
No,39.275,1168,0
No,39.015,577,0
No,39.951,528,0
Yes,20.563,888,0
No,56.075,507,0
No,43.973,1077,0
No,32.901,1706,0
No,27.695,1112,0
No,32.936,1095,0
Yes,19.206,1219,0
No,33.678,1133,0
No,46.568,1047,0
No,37.4,837,0
No,52.277,653,0
No,34.579,133,0
No,33.406,501,0
Yes,13.793,1331,0
No,48.596,1698,0
No,22.885,840,0
No,42.281,1612,0
No,40.237,672,0
No,45.375,0,0
No,59.661,188,0
No,37.323,316,0
No,37.151,1037,0
Yes,17.811,1114,0
No,45.377,1147,0
No,39.03,390,0
Yes,15.594,1274,0
No,36.559,1283,0
Yes,27.168,1344,0
No,36.121,450,0
No,36.406,1013,0
Yes,13.152,817,0
No,43.326,768,0
Yes,18.582,940,0
Yes,14.515,2092,0
No,37.725,182,0
Yes,19.345,2111,1
No,27.835,1075,0
No,41.239,0,0
No,47.218,305,0
Yes,20.149,221,0
No,28.146,958,0
No,41.235,0,0
Yes,13.581,1168,0
Yes,24.291,16,0
Yes,13.635,1113,0
Yes,19.164,1486,0
Yes,15.12,925,0
Yes,17.106,1273,0
Yes,11.054,1493,1
No,32.155,342,0
No,44.664,662,0
Yes,14.065,1095,0
No,44.62,439,0
No,33.434,1165,0
No,42.172,1207,0
Yes,22.037,843,0
No,42.494,1301,0
Yes,10.451,1096,0
Yes,14.305,1994,0
Yes,14.29,765,0
No,24.936,1496,0
Yes,18.037,1634,0
Yes,18.789,718,0
No,48.272,0,0
No,31.615,683,0
No,31.38,918,0
No,37.825,415,0
No,46.478,749,0
No,35.946,294,0
No,30.305,690,0
No,31.357,959,0
No,48.63,1143,0
No,33.767,524,0
No,48.767,1537,0
Yes,26.319,1342,0
No,56.606,1278,0
Yes,17.084,1935,0
No,43.522,474,0
No,20.31,327,0
No,33.674,323,0
No,44.145,794,0
No,59.441,624,0
Yes,15.97,954,0
Yes,24.557,1573,0
Yes,22.652,1889,1
No,34.804,1050,0
No,25.387,225,0
Yes,20.773,1676,0
No,38.493,63,0
No,44.603,36,0
No,29.141,1174,0
Yes,14.462,843,0
No,30.401,867,0
No,35.917,838,0
No,38.483,1073,0
No,37.22,491,0
No,29.58,699,0
No,33.598,660,0
Yes,14.82,625,0
No,41.867,1682,0
Yes,24,0,0
No,47.505,1617,0
No,39.068,563,0
No,46.931,6,0
Yes,11.538,0,0
No,36.616,607,0
No,18.821,1324,1
Yes,11.571,1593,0
Yes,22.376,823,0
No,39.655,1616,0
No,36.374,335,0
No,34.92,300,0
No,43.016,741,0
No,36.259,536,0
No,48.56,759,0
No,38.559,1462,0
No,51.303,796,0
No,41.943,335,0
Yes,18.444,459,0
No,47.141,1123,0
Yes,24.165,898,0
No,33.898,843,0
No,25.591,1278,0
Yes,11.06,1382,0
No,34.358,1100,0
No,29.478,283,0
No,52.546,778,0
No,43.016,2038,1
Yes,23.364,1236,0
No,39.946,384,0
No,38.222,805,0
No,59.56,505,0
Yes,15.933,1453,0
Yes,14.736,1070,0
No,38.692,1032,0
No,37.906,902,0
No,22.556,609,0
No,35.599,1241,0
No,59.362,1457,0
Yes,22.986,527,0
No,41.803,1185,0
No,56.881,444,0
No,33.136,321,0
No,41.441,653,0
No,33.836,1449,0
No,24.562,197,0
No,52.423,1563,0
No,48.045,1144,0
No,56.182,1026,1
Yes,12.489,1041,0
No,38.251,1200,0
No,43.94,376,0
No,27.368,0,0
No,37.936,632,0
Yes,14.647,469,0
No,32.468,1164,0
Yes,22.783,137,0
No,40.394,856,0
Yes,19.252,1462,0
No,46.694,215,0
No,53.059,207,0
Yes,24.583,720,0
No,32.035,751,0
No,38.65,270,0
No,31.268,543,0
Yes,10.488,1534,0
Yes,19.388,11,0
Yes,17.803,901,0
No,29.715,1132,0
No,37.241,826,0
Yes,15.818,1034,0
Yes,19.281,790,0
Yes,15.572,0,0
No,36.005,872,0
Yes,19.595,957,0
Yes,9.272,836,0
No,38.31,959,0
No,38.88,1559,0
No,41.435,0,0
Yes,13.998,1270,0
Yes,18.724,870,0
No,41.574,527,0
Yes,23.297,1165,0
No,46.363,710,0
Yes,10.995,137,0
No,36.057,320,0
No,39.961,283,0
No,38.61,150,0
No,37.274,1403,0
Yes,23.422,0,0
No,25.407,489,0
Yes,22.814,575,0
No,42.149,1649,0
No,43.372,841,0
No,30.564,887,0
No,40.336,559,0
No,39.396,600,0
No,15.982,1085,0
No,36.232,1102,0
No,46.329,727,0
No,49.129,734,0
Yes,23.324,945,0
No,59.194,1516,0
No,33.44,1187,0
No,31.307,246,0
No,35.83,1175,0
Yes,13.834,1201,0
No,51.318,1056,0
No,42.285,573,0
No,46.412,1229,0
No,50.249,139,0
No,40.006,1104,0
No,24.462,0,0
No,52.249,208,0
No,62.395,1410,0
No,48.345,625,0
Yes,11.076,631,0
Yes,14.753,896,0
No,33.692,1246,0
No,43.475,1603,0
No,54.535,226,0
No,39.065,592,0
No,30.361,0,0
No,46.138,535,0
Yes,14.339,358,0
Yes,12.268,1234,0
No,33.036,889,0
No,52.943,890,0
No,50.084,550,0
No,37.524,1548,1
No,47.911,501,0
No,39.516,1041,0
No,36.328,355,0
Yes,17.137,1954,1
No,38.326,4,0
Yes,28.937,1125,0
No,47.448,0,0
No,45.041,557,0
No,37.631,459,0
Yes,30.619,1107,0
Yes,21.028,1448,0
Yes,18.088,1433,1
No,30.176,1345,0
Yes,13.618,648,0
No,39.707,336,0
Yes,17.633,1177,0
No,33.456,1633,0
No,25.545,695,0
No,27.396,904,0
Yes,11.421,531,0
Yes,21.909,954,0
No,35.495,281,0
No,36.887,0,0
Yes,11.105,1417,0
No,57.844,1379,0
Yes,20.323,550,0
Yes,12.077,1178,0
No,43.788,38,0
No,27.181,954,0
Yes,16.961,1106,0
Yes,21.912,938,0
No,35.581,416,0
No,22.328,781,0
No,47.606,964,0
No,46.389,1037,0
No,36.614,814,0
No,55.36,939,0
No,33.168,0,0
No,52.694,786,0
No,38.432,252,0
No,36.558,949,0
No,25.553,480,0
No,51.805,1215,0
Yes,19.496,1339,0
No,23.513,224,0
Yes,21.437,965,0
No,36.855,844,0
No,48.044,578,0
No,59.74,531,0
No,23.25,709,0
No,37.129,332,0
No,22.246,1336,0
No,30.803,668,0
Yes,18.893,827,0
No,16.835,0,0
No,56.364,1493,0
Yes,20.837,619,0
No,41.163,1940,1
No,30.115,432,0
No,50.217,1579,0
Yes,14.341,1263,0
Yes,24.267,1187,0
Yes,22.325,992,0
Yes,20.695,933,0
No,43.888,1504,0
Yes,24.082,564,0
No,57.689,1273,0
No,41.546,1075,0
No,45.751,67,0
No,22.75,849,0
Yes,13.711,1569,0
No,41.196,145,0
No,45.235,0,0
No,45.81,326,0
No,47.693,247,0
No,43.365,1637,0
No,37.464,284,0
No,62.975,0,0
Yes,16.908,816,0
No,29.398,797,0
Yes,11.314,141,0
No,51.458,1113,0
No,35.952,1167,0
Yes,15.154,503,0
Yes,20.901,1113,0
Yes,12.196,782,0
No,31.472,873,0
No,35.268,708,0
No,26.275,0,0
No,49.727,601,0
No,56.878,1374,0
No,43.869,591,0
No,52.175,397,0
No,46.478,1201,0
Yes,7.986,1304,0
No,30.573,975,0
No,54.373,858,0
Yes,17.75,883,0
No,39.719,1201,0
No,34.691,857,0
No,56.266,628,0
Yes,18.552,1269,0
No,64.315,1060,0
No,64.968,764,0
Yes,22.425,969,0
No,38.218,58,0
No,54.034,633,0
No,40.369,232,0
No,53.197,564,0
No,43.502,1005,0
No,43.843,681,0
No,40.194,917,0
No,27.167,0,0
No,29.614,1121,0
No,40.383,281,0
No,27.467,1111,0
No,36.889,355,0
No,51.965,544,0
Yes,15.422,1837,0
No,40.299,1070,0
Yes,18.5,985,0
No,28.727,0,0
Yes,22.593,1093,0
No,32.105,933,0
No,21.153,748,0
No,41.788,872,0
No,60.481,0,0
No,65.944,0,0
No,38.683,584,0
No,40.145,7,0
No,46.42,814,0
No,45.596,137,0
Yes,25.833,367,0
No,24.379,1396,0
No,35.31,1149,0
No,36.746,1086,0
Yes,16.908,1150,0
No,38.187,1605,0
No,25.085,433,0
No,41.005,684,0
Yes,22.297,766,0
Yes,11.556,1759,0
No,54.008,624,0
No,41.748,1134,0
No,29.642,888,0
No,34.728,193,0
No,53.526,1824,1
No,48.683,741,0
No,32.809,0,0
No,62.129,0,0
No,24.902,1124,0
No,33.571,1259,0
No,44.129,1076,0
No,42.042,1027,0
No,49.697,1227,0
No,36.813,306,0
Yes,14.593,480,0
No,38.338,664,0
No,37.417,596,0
Yes,16.146,81,0
No,19.683,1236,0
No,37.879,469,0
Yes,20.03,1286,0
Yes,15.712,745,0
No,54.678,746,0
Yes,19.923,452,0
No,60.196,563,0
No,21.218,1029,0
No,48.703,897,0
Yes,17.445,384,0
No,22.955,297,0
No,38.614,0,0
No,43.229,1184,0
No,47.044,657,0
No,46.072,436,0
Yes,15.904,402,0
Yes,18.552,687,0
No,37.842,464,0
No,18.579,1711,1
No,44.481,846,0
Yes,22.418,1083,0
Yes,18.161,1741,1
Yes,14.037,1202,0
Yes,19.647,1470,0
Yes,16.372,468,0
No,29.643,395,0
No,33.436,166,0
No,49.293,199,0
No,43.143,1723,1
No,27.894,673,0
No,44.446,991,0
Yes,15.359,1657,0
Yes,22.327,1225,0
No,50.475,621,0
No,36.865,805,0
No,34.041,265,0
No,37.992,710,0
No,25.117,1141,0
No,45.205,1251,0
No,58.75,653,0
No,20.307,578,0
Yes,15.069,1271,0
No,52.7,1167,0
Yes,14.217,936,0
Yes,15.912,489,0
No,30.196,678,0
No,47.462,430,0
No,35.468,1373,0
No,37.278,580,0
Yes,23.413,242,0
No,42,1721,1
No,50.128,716,0
No,47.033,522,0
No,18.879,1524,0
Yes,10.175,820,0
Yes,19.288,859,0
No,40.657,739,0
Yes,8.531,1635,0
No,50.862,0,0
Yes,20.07,761,0
No,30.547,520,0
Yes,17.898,2134,0
No,36.669,1569,0
Yes,13.186,316,0
No,33.077,1352,0
Yes,24.68,420,0
No,36.516,89,0
No,43.578,1228,0
Yes,23.806,778,0
No,42.134,529,0
Yes,13.142,1101,0
No,24.699,19,0
Yes,12.558,1617,0
No,52.586,0,0
No,34.676,846,0
No,43.157,662,0
No,38.844,349,0
Yes,21.337,1269,0
No,43.145,354,0
No,46.894,350,0
No,53.557,1451,0
No,47.556,0,0
No,23.266,716,0
No,29.807,541,0
No,34.54,1035,0
No,46.052,1124,0
No,60.124,1610,0
No,36.283,0,0
Yes,23.557,1514,0
No,25.928,619,0
Yes,17.473,1878,1
No,38.411,845,0
Yes,11.774,885,0
No,28.764,1404,0
Yes,14.165,1735,0
No,37.825,0,0
Yes,19.674,301,0
No,19.024,1382,0
No,48.689,1516,1
No,43.4,724,0
Yes,18.145,1218,0
Yes,15.581,1038,0
No,52.753,1282,0
Yes,14.704,320,0
No,35.756,897,0
No,54.957,619,0
Yes,8.797,1447,0
No,56.468,604,0
No,52.286,1098,0
No,24.806,480,0
No,26.655,731,0
No,50.105,666,0
Yes,17.056,1039,0
No,40.49,629,0
No,39.386,1170,0
No,27.839,298,0
No,46.026,775,0
No,49.857,770,0
No,37.028,698,0
No,41.157,1064,0
Yes,17.288,1189,0
No,31.378,944,0
Yes,14.74,884,0
No,37.981,1242,0
No,45.52,587,0
No,35.14,1236,0
Yes,20.655,771,0
No,39.991,452,0
No,47.463,944,0
No,39.083,1807,0
No,31.633,846,0
Yes,17.637,528,0
No,33.046,1616,0
No,30.86,588,0
No,46.26,1592,0
No,40.354,688,0
Yes,20.551,1202,0
No,34.213,0,0
No,24.244,387,0
No,32.09,844,0
No,18.511,972,0
Yes,14.186,1211,0
No,30.506,53,0
No,52.922,1053,0
Yes,18.63,601,0
No,38.021,1076,0
Yes,7.526,915,0
No,36.039,566,0
No,40.187,1457,0
No,37.885,561,0
Yes,12.062,524,0
Yes,15.708,650,0
No,36.783,229,0
No,43.16,0,0
No,38.365,1378,0
No,42.2,108,0
No,37.23,714,0
No,32.081,48,0
No,38.886,588,0
No,28.328,919,0
Yes,21.363,1016,0
Yes,16.853,1893,1
No,39.512,843,0
Yes,16.101,113,0
No,42.769,590,0
No,42.309,250,0
No,42.931,94,0
No,48.406,964,0
No,47.721,1136,0
Yes,9.643,1005,0
No,42.845,863,0
No,28.428,829,0
No,35.926,572,0
No,43.678,1407,0
No,42.679,339,0
Yes,21.853,1425,0
No,44.671,923,0
No,44.48,675,0
Yes,15.337,1108,0
Yes,13.809,1199,0
No,19.354,1023,0
No,18.38,882,0
No,39.929,797,0
No,25.921,1206,0
No,24.801,840,0
No,29.537,448,0
No,44.6,102,0
No,34.479,482,0
Yes,19.139,1113,0
No,68.579,1263,0
Yes,26.064,815,0
No,24.783,995,0
No,34.48,0,0
Yes,17.031,776,0
Yes,21.407,839,0
No,49.457,782,0
No,31.607,853,0
No,35.583,972,0
No,39.36,778,0
No,47.602,250,0
No,57.5,294,0
No,30.717,1388,0
No,40.606,1210,0
No,44.667,146,0
Yes,24.268,1310,0
No,46.663,1351,0
Yes,24.638,737,0
Yes,10.997,1054,0
Yes,9.321,0,0
No,14.151,695,0
Yes,18.787,423,0
No,37.011,684,0
No,62.689,0,0
No,58.05,1342,0
No,39.376,616,0
Yes,15.392,1648,0
No,56.678,665,0
Yes,13.655,1726,1
No,42.203,1226,0
No,40.38,1025,0
No,45.084,395,0
No,49.897,501,0
Yes,21.342,782,0
Yes,16.148,677,0
No,51.528,717,0
Yes,22.393,501,0
No,47.887,792,0
Yes,18.305,1543,1
Yes,9.185,1142,0
Yes,15.762,1434,0
No,29.275,0,0
No,51.792,1322,0
Yes,22.552,315,0
Yes,14.875,0,0
No,60.397,970,0
No,23.23,1323,1
No,25.962,251,0
Yes,12.108,1846,0
Yes,11.777,966,0
Yes,17.624,580,0
No,30.028,728,0
No,32.67,12,0
Yes,18.064,866,0
No,43.616,577,0
No,26.656,857,0
No,31.75,1051,0
No,28.901,1143,0
Yes,18.024,1593,0
No,56.726,634,0
No,42.921,1394,0
No,32.756,663,0
Yes,20.531,354,0
No,47.896,0,0
No,22.257,1489,1
Yes,19.022,1210,0
No,45.355,350,0
No,33.057,398,0
Yes,15.681,1382,0
No,53.962,1018,0
No,30.948,1060,0
Yes,17.378,875,0
No,37.59,10,0
No,46.482,674,0
Yes,13.12,540,0
No,35.468,712,0
No,33.424,829,0
No,47.45,585,0
No,40.916,334,0
Yes,15.179,946,0
No,32.283,212,0
No,36.076,808,0
Yes,15.851,1172,0
No,30.774,1505,0
No,35.787,537,0
No,33.213,220,0
Yes,18.538,600,0
No,37.409,0,0
No,29.749,873,0
No,37.904,895,0
Yes,20.499,927,0
No,28.354,944,0
No,46.953,477,0
Yes,21.371,1522,0
No,33.461,755,0
No,57.256,1168,0
Yes,23.689,999,0
No,35.539,871,0
No,47.52,955,0
No,45.587,1249,0
No,45.886,619,0
No,34.238,853,0
No,44.038,1794,0
No,39.199,692,0
No,45.938,182,0
No,49.526,0,0
No,39.296,363,0
No,24.444,1642,0
No,37.189,202,0
Yes,15.86,1190,0
No,45.153,1120,0
Yes,28.766,644,0
Yes,18.141,1217,0
No,45.718,1047,0
Yes,21.571,1058,0
Yes,11.77,2333,1
No,50.689,822,0
No,53.681,1001,0
Yes,8.815,592,0
No,51.258,87,0
No,43.125,1529,0
Yes,19.896,441,0
No,53.092,755,0
Yes,19.879,1299,0
No,32.979,1160,0
No,27.956,718,0
No,28.61,697,0
No,56.951,614,0
Yes,24.704,420,0
No,50.23,463,0
No,30.349,18,0
No,27.69,864,0
Yes,16.413,820,0
No,50.812,1178,0
No,35.989,687,0
Yes,21.427,1525,0
No,40.255,341,0
No,27.375,1699,1
Yes,14.841,1106,0
Yes,16.085,596,0
No,39.017,1141,0
No,26.43,1555,1
No,42.029,669,0
Yes,12.161,1546,0
Yes,20.747,934,0
No,25.68,469,0
No,56.203,1923,1
No,44.316,920,0
No,44.195,1025,0
No,23.289,539,0
No,19.146,75,0
No,55.828,536,0
No,31.466,414,0
Yes,22.729,1075,0
Yes,20.177,880,0
No,29.535,680,0
No,37.32,908,0
No,44.852,761,0
Yes,24.087,406,0
Yes,14.258,926,0
No,50.078,874,0
Yes,19.623,482,0
No,27.338,1171,0
No,40.945,743,0
No,31.846,1076,0
Yes,22.754,478,0
Yes,20.961,592,0
No,33.328,111,0
No,48.126,1116,0
Yes,22.372,1261,0
Yes,13.43,15,0
No,42.578,0,0
No,42.685,730,0
No,49.101,765,0
Yes,22.694,1443,0
No,47.723,1018,0
No,36.97,1819,0
No,37.161,217,0
Yes,19.276,906,0
No,23.367,152,0
No,33.441,966,0
No,48.856,1166,0
Yes,16.863,201,0
No,58.731,273,0
No,45.421,692,0
No,34.498,331,0
No,49.172,767,0
No,56.896,0,0
No,40.378,934,0
No,51.108,713,0
No,10.949,829,0
No,34.247,1102,0
Yes,11.928,1550,0
No,44.84,1146,0
No,58.135,1071,0
Yes,22.023,1256,0
Yes,17.354,583,0
No,36.337,0,0
No,41.483,0,0
No,40.689,1129,0
No,36.174,638,0
No,28.461,907,0
No,53.809,914,0
No,33.224,589,0
No,36.899,1290,0
Yes,25.976,0,0
No,45.508,182,0
No,34.563,0,0
Yes,17.44,250,0
Yes,21.281,1777,0
No,52.09,1019,0
No,46.114,1025,0
No,38.41,1184,0
No,35.336,702,0
No,25.014,751,0
No,36.242,828,0
No,27.257,1191,0
No,37.716,800,0
No,53.71,918,0
No,53.76,85,0
Yes,18.377,697,0
No,53.813,638,0
No,40.178,1352,0
No,34.679,890,0
Yes,10.63,446,0
No,28.712,0,0
Yes,22.802,617,0
No,44.694,386,0
No,40.295,1420,0
No,52.278,1171,0
No,36.53,1702,0
Yes,22.811,1119,0
No,45.281,706,0
No,57.322,542,0
No,37.256,1430,0
No,52.559,706,0
No,40.389,571,0
No,29.949,1177,0
No,39.925,529,0
Yes,10.517,477,0
No,55.682,585,0
No,44.923,339,0
Yes,22.494,1257,0
Yes,11.557,1419,0
No,41.436,766,0
No,41.944,1274,0
No,31.743,217,0
No,58.86,779,0
Yes,20.442,1926,0
Yes,25.377,407,0
No,21.151,1389,0
No,29.403,336,0
No,28.001,1295,0
No,43.796,911,0
Yes,22.213,969,0
No,53.6,1184,0
No,51.741,1201,0
No,41.481,1282,0
No,56.089,241,0
Yes,25.024,740,0
No,43.807,572,0
No,52.742,542,0
Yes,13.704,1675,0
No,21.508,754,0
No,32.742,1402,0
No,49.586,299,0
No,48.25,144,0
No,23.138,1654,0
No,49.681,635,0
No,40.768,1294,0
No,48.642,0,0
Yes,26.875,286,0
No,35.57,373,0
No,41.79,565,0
No,40.738,0,0
No,38.687,616,0
Yes,17.66,2177,1
No,45.432,0,0
Yes,15.574,1393,0
No,27.285,538,0
Yes,24.897,996,0
No,41.189,300,0
No,37.466,699,0
No,24.095,949,0
No,40.371,1416,0
No,43.386,1335,0
No,45.793,0,0
No,41.699,577,0
Yes,22.811,213,0
No,46.597,0,0
No,48.281,147,0
Yes,16.156,0,0
Yes,18.088,1095,0
No,42.143,492,0
Yes,13.714,980,0
No,35.689,671,0
Yes,22.92,1288,0
No,56.1,310,0
No,58.829,403,0
No,49.643,450,0
Yes,12.085,862,0
Yes,17.638,978,0
Yes,25.315,955,0
Yes,15.441,288,0
Yes,15.978,1469,0
No,55.781,0,0
Yes,16.454,1534,0
No,42.035,0,0
Yes,20.74,1489,0
No,54.961,1087,0
No,25.222,14,0
Yes,14.321,553,0
Yes,17.745,0,0
No,40.863,266,0
No,43.066,1098,0
Yes,12.045,484,0
No,30.274,1280,0
Yes,13.547,1008,0
No,42.246,828,0
No,43.347,0,0
No,47.352,41,0
No,39.33,0,0
No,32.449,857,0
Yes,12.139,652,0
Yes,14.634,1384,0
No,27.88,737,0
Yes,23.496,1127,0
No,53.547,631,0
No,52.106,110,0
No,49.676,1025,0
No,30.133,1078,0
No,58.52,662,0
No,42.88,337,0
No,38.713,697,0
Yes,19.01,610,0
Yes,19.246,1380,0
Yes,13.246,1514,0
No,42.485,572,0
Yes,21.263,811,0
Yes,16.718,1227,0
No,56.484,1186,0
No,51.695,132,0
No,56.118,283,0
Yes,14.65,118,0
No,32.107,854,0
Yes,17.252,811,0
Yes,20.055,1085,0
No,35.924,444,0
No,15.756,461,0
Yes,14.101,1011,0
No,42.192,32,0
No,47.969,64,0
No,29.828,1018,0
Yes,18.792,2119,0
No,38.35,890,0
Yes,12.195,1221,0
No,50.94,91,0
No,37.849,603,0
No,34.586,776,0
Yes,17.565,671,0
Yes,17.246,529,0
No,32.939,1070,0
No,33.961,292,0
Yes,23.541,448,0
No,44.959,271,0
No,23.994,1166,0
No,40.907,456,0
No,33.203,602,0
No,36.325,1166,0
No,52.348,638,0
No,47.641,1001,0
No,43.693,738,0
No,47.328,0,0
Yes,17.132,1558,0
Yes,17.546,164,0
No,40.659,818,0
Yes,18.556,580,0
Yes,15.887,1276,0
Yes,19.907,1196,0
Yes,14.95,932,0
No,46.031,578,0
Yes,11.021,1328,0
No,41.565,0,0
No,50.43,1578,0
Yes,18.337,2023,0
No,26.084,480,0
No,42.515,1598,0
No,49.054,1457,1
Yes,17.363,748,0
No,35.902,818,0
Yes,21.026,1099,0
Yes,20.217,0,0
No,47.359,827,0
No,39.02,1711,0
No,48.71,1392,0
Yes,11.561,784,0
No,26.331,1734,1
No,34.946,1326,0
No,54.836,1491,0
Yes,20.03,2262,1
No,20.327,1008,0
No,38.081,798,0
No,31.995,1429,0
No,58.235,1042,0
No,45.376,407,0
Yes,18.001,1841,0
No,37.296,208,0
Yes,18.846,767,0
No,35.813,1019,0
No,33.591,1423,0
No,26.769,994,0
No,52.515,728,0
No,61.089,1155,0
No,27.887,1063,0
No,49.754,1459,0
No,34.69,1172,0
No,44.242,526,0
No,36.889,1374,0
Yes,17.346,793,0
No,31.982,521,0
Yes,22.528,386,0
Yes,20.912,401,0
No,41.548,61,0
No,46.905,1168,0
No,42.139,627,0
Yes,17.032,1762,0
No,43.61,607,0
No,60.084,963,0
No,44.44,683,0
No,53.218,599,0
No,36.709,875,0
Yes,19.668,1458,0
No,35.282,943,0
No,53.517,1332,1
No,31.813,42,0
No,37.373,2064,1
No,37.545,1238,0
No,20.701,1359,0
No,57.898,0,0
Yes,16.311,1630,0
Yes,15.547,914,0
No,46.611,444,0
No,44.373,1354,0
No,36.666,839,0
No,41.509,240,0
Yes,19.622,529,0
No,34.418,717,0
No,27.484,128,0
No,47.858,444,0
No,38.017,1190,0
No,31.706,1256,0
No,47.036,495,0
Yes,15.092,454,0
No,45.757,330,0
No,20.684,250,0
No,31.039,649,0
No,55.07,0,0
Yes,26.854,1238,0
No,31.491,219,0
No,31.975,445,0
No,32.497,607,0
No,26.351,448,0
No,37.936,1153,0
No,55.155,627,0
No,20.2,389,0
No,43.902,1555,0
Yes,13.049,1443,0
Yes,14.756,1941,0
Yes,18.201,256,0
Yes,19.632,444,0
No,52.62,546,0
No,32.798,1311,0
No,56.002,460,0
No,33.395,1144,0
No,38.895,562,0
No,41.308,1005,0
No,35.685,1026,0
No,34.75,0,0
No,39.05,620,0
Yes,12.757,1070,0
Yes,24.582,10,0
No,52.689,1187,0
Yes,18.414,960,0
No,54.409,291,0
Yes,16.43,1193,0
No,46.791,908,0
No,48.726,352,0
Yes,20.564,1097,0
No,43.593,1627,0
No,50.354,1186,0
No,40.732,1318,0
No,41.059,620,0
No,46.76,463,0
No,42.263,1356,0
No,32.108,368,0
Yes,21.546,915,0
No,55.736,807,0
No,41.249,912,0
No,50.529,949,0
No,39.46,939,0
Yes,18.919,1815,0
Yes,20.301,1670,0
No,44.092,26,0
No,33.541,867,0
Yes,24.699,618,0
No,36.813,153,0
Yes,20.241,669,0
No,50.055,76,0
Yes,22.709,406,0
No,36.362,899,0
No,39.445,1434,0
No,24.556,69,0
No,37.126,1207,0
No,37.187,38,0
No,30.762,1768,0
No,40.944,1078,0
Yes,23.639,58,0
No,59.435,959,1
Yes,16.271,612,0
Yes,18.646,566,0
Yes,21.101,1579,0
No,27.296,1253,0
Yes,19.336,895,0
No,32.974,817,0
Yes,17.243,372,0
No,38.661,640,0
No,31.863,1796,0
No,42.621,383,0
No,36.121,307,0
Yes,13.553,1018,0
No,45.599,785,0
No,35.494,648,0
Yes,23.674,1969,0
No,40.405,260,0
No,26.996,1694,0
No,29.998,976,0
No,24.152,1802,1
Yes,13.486,905,0
No,49.607,0,0
No,40.244,988,0
No,24.085,690,0
No,36.145,611,0
No,15.221,914,0
No,30.682,73,0
No,46.001,423,0
Yes,10.624,1625,0
Yes,17.895,816,0
No,22.062,997,0
No,48.647,816,0
No,47.826,408,0
Yes,17.996,164,0
No,38.039,1434,0
No,24.466,886,0
No,47.84,564,0
No,39.723,252,0
Yes,26.579,656,0
No,37.339,489,0
No,53.005,599,0
No,56.081,1200,0
Yes,19.11,2309,0
No,16.944,618,0
No,29.799,698,0
No,41.244,284,0
No,49.48,1246,0
No,31.059,1112,0
No,26.505,1399,0
No,39.368,1517,0
Yes,20.393,1036,0
Yes,24.945,471,0
Yes,19.308,339,0
No,36.623,1037,0
No,42.098,1291,0
No,41.379,455,0
Yes,12.951,1206,0
No,49.736,494,0
Yes,11.347,1435,0
No,33.662,729,0
No,39.896,752,0
No,41.016,1096,0
No,40.711,1030,0
No,34.893,1007,0
No,33.716,1117,0
No,24.473,759,0
Yes,25.424,468,0
No,30.819,0,0
Yes,14.185,1451,0
No,46.869,804,0
No,41.586,1201,0
No,29.812,846,0
No,47.393,0,0
No,31.26,276,0
No,31.513,544,0
Yes,16.077,1233,0
Yes,28.208,1403,0
No,40.258,656,0
No,53.019,175,0
No,42.734,598,0
No,53.035,638,0
No,45.95,372,0
No,38.464,345,0
No,60.296,1463,0
No,19.24,482,0
Yes,14.833,1071,0
No,44.51,771,0
No,33.302,932,0
No,43.472,1006,0
No,33.888,603,0
Yes,26.674,757,0
No,30.655,1092,0
No,44.752,331,0
No,45.317,840,0
No,48.982,1135,1
No,44.281,483,0
No,49.328,239,0
Yes,19.591,718,0
No,33.933,0,0
No,46.878,740,0
Yes,17.077,1377,0
No,31.592,754,0
No,47.312,1434,1
Yes,20.386,1775,0
No,35.975,119,0
No,15.706,549,0
No,39.172,636,0
Yes,17.868,628,0
No,40.076,209,0
No,43.737,512,0
Yes,24.828,566,0
No,19.986,983,0
No,41.277,900,0
No,63.566,273,0
No,59.309,813,0
No,42.612,446,0
No,34.543,809,0
No,32.458,954,0
Yes,13.156,213,0
No,45.72,906,0
Yes,20.539,993,0
No,37.452,645,0
No,24.68,826,0
No,32.024,1464,0
Yes,23.091,501,0
No,55.896,381,0
No,33.371,133,0
Yes,18.937,1228,0
Yes,19.063,1135,0
No,48.426,638,0
Yes,16.259,1027,0
No,38.368,1057,0
No,48.767,1730,0
Yes,19.818,1428,0
No,47.6,796,0
Yes,27.732,1276,0
No,40.503,912,0
No,31.893,87,0
Yes,26.085,1261,0
No,52.29,1055,0
No,41.693,0,0
No,44.26,126,0
No,52.324,68,0
No,29.924,690,0
No,21.99,952,0
No,37.506,254,0
No,31.898,976,0
No,42.415,1569,0
Yes,19.154,92,0
No,32.152,511,0
No,35.461,1389,0
No,52.793,913,0
No,21.163,722,0
No,37.299,566,0
No,49.255,1162,0
No,42.721,421,0
Yes,18.668,1032,0
No,47.438,0,0
Yes,18.232,789,0
No,33.7,675,0
No,46.733,1489,0
No,42.024,701,0
No,40.806,1210,0
Yes,16.211,752,0
No,48.893,681,0
No,35.985,408,0
No,50.318,587,0
Yes,18.698,802,0
No,28.31,947,0
No,47.496,1408,0
No,30.893,858,0
Yes,22.174,805,0
No,39.841,567,0
Yes,15.54,514,0
No,48.182,11,0
Yes,19.937,1275,0
No,38.097,339,0
No,36.718,187,0
Yes,12.043,843,0
No,22.83,986,0
Yes,11.691,995,0
No,28.827,189,0
No,45.203,320,0
No,41.892,759,0
No,32.235,1303,0
Yes,19.693,1351,0
Yes,20.912,2216,1
Yes,21.263,552,0
Yes,22.889,1038,0
No,69.124,856,0
No,44.612,254,0
No,31.493,1024,0
No,55.074,443,0
No,46.389,528,0
No,33.847,269,0
No,37.111,1509,1
No,45.561,0,0
Yes,11.581,555,0
Yes,19.538,1200,0
No,46.218,965,0
Yes,15.764,1632,0
No,62.747,0,0
Yes,19.675,1277,0
No,34.259,271,0
Yes,13.707,1384,0
No,48.833,256,0
Yes,14.939,327,0
No,43.935,1000,0
No,29.762,82,0
No,51.14,325,0
Yes,19.452,1082,0
Yes,6.584,1051,0
No,41.524,0,0
Yes,15.69,1779,0
No,26.453,221,0
No,33.071,1077,0
Yes,18.103,1182,0
No,54.997,442,0
Yes,9.847,1246,0
No,34.333,338,0
No,31.05,78,0
No,42.352,712,0
No,49.654,1014,0
Yes,18.276,1223,0
Yes,20.655,1899,1
Yes,16.68,978,0
No,36.417,1491,0
No,40.908,672,0
Yes,28.84,916,0
No,58.567,280,0
Yes,14.207,992,0
No,53.135,320,0
Yes,16.3,1051,0
No,40.044,176,0
No,33.256,299,0
Yes,18.065,1335,0
No,30.367,469,0
No,42.259,1567,0
Yes,18.756,688,0
Yes,11.46,452,0
Yes,28.453,267,0
No,47.142,563,0
No,51.731,800,0
No,26.237,0,0
Yes,19.282,0,0
No,47.47,1381,0
No,33.707,1315,0
Yes,20.44,344,0
Yes,13.422,1004,0
No,49.448,1234,0
No,42.657,707,0
No,62.887,0,0
No,55.165,1299,0
No,45.525,876,0
Yes,14.11,634,0
Yes,19.829,1177,0
Yes,24.777,230,0
No,35.165,1290,0
Yes,20.131,917,0
No,25.267,323,0
No,39.394,533,0
No,45.348,551,0
No,56.759,681,0
No,17.182,883,0
No,40.611,1277,0
No,45.929,596,0
No,40.916,1049,0
No,45.378,798,0
No,26.876,489,0
Yes,15.194,775,0
Yes,18.311,722,0
No,37.876,230,0
No,51.169,1391,0
Yes,15.94,587,0
No,45.447,1585,0
No,42.917,1207,0
Yes,30.088,406,0
Yes,23.342,712,0
Yes,14.863,1238,1
Yes,15.325,572,0
No,64.135,2025,1
No,32.202,967,0
No,55.207,1275,0
No,51.847,830,0
No,37.23,1058,0
No,21.717,612,0
No,29.032,390,0
No,52.044,2288,1
No,58.552,431,0
No,45.778,1214,0
No,28.502,993,0
Yes,17.583,685,0
Yes,21.122,928,0
No,43.264,286,0
No,28.525,304,0
No,36.072,930,0
No,33.977,840,0
No,25.733,1007,0
No,51.121,687,0
No,39.287,370,0
No,46.581,0,0
No,45.799,103,0
No,44.053,832,0
No,50.805,0,0
No,32.432,794,0
No,38.51,511,0
No,35.509,1845,1
No,30.485,1075,0
No,33.832,1024,0
Yes,23.066,1292,0
No,32.725,0,0
No,46.535,1926,0
No,24.976,609,0
No,43.816,893,0
No,51.788,773,0
Yes,20.068,0,0
No,32.994,536,0
Yes,23.69,492,0
No,27.599,45,0
Yes,8.624,1321,0
No,24.303,744,0
No,43.205,629,0
No,40.227,256,0
No,34.913,1037,0
Yes,13.765,1330,0
Yes,12.662,1050,0
No,41.225,1306,0
No,37.869,765,0
Yes,18.636,518,0
No,33.683,1259,0
No,51.484,491,0
No,52.064,1161,0
Yes,22.953,1790,0
Yes,27.285,716,0
No,39.308,442,0
No,33.12,0,0
No,59.022,84,0
Yes,22.048,948,0
No,42.617,0,0
Yes,22.109,1233,0
Yes,8.078,1339,0
Yes,18.256,521,0
No,41.935,563,0
Yes,17.878,645,0
No,33.717,153,0
No,43.191,1251,0
Yes,14.828,1430,0
Yes,10.542,976,0
No,34.281,1100,0
No,49.216,265,0
No,26.961,949,0
No,34.065,1464,0
Yes,18.441,713,0
No,50.506,211,0
No,44.149,393,0
No,19.133,161,0
No,45.764,515,0
No,52.528,903,0
No,66.538,667,0
No,38.657,1086,0
No,35.921,696,0
Yes,23.062,1438,0
Yes,23.44,522,0
No,37.859,415,0
Yes,14.662,722,0
No,32.622,587,0
No,44.309,74,0
No,22.095,1008,0
No,41.674,1032,0
Yes,19.678,1960,0
No,33.761,796,0
No,39.21,441,0
No,33.656,338,0
Yes,19.178,666,0
Yes,11.495,793,0
No,34.976,587,0
No,34.783,965,0
No,58.076,1732,0
No,24.919,630,0
No,34.642,1063,0
No,34.652,1267,0
No,22.982,1076,0
No,49.657,637,0
Yes,25.806,1349,0
No,30.737,682,0
Yes,14.367,422,0
No,44.362,1334,0
Yes,22.573,1357,0
No,40.995,480,0
Yes,23.308,1596,0
No,37.9,898,0
No,42.055,660,0
No,52.169,130,0
No,48.855,901,0
No,49.915,1202,0
No,54.894,457,0
No,48.74,38,0
No,43.472,622,0
Yes,20.246,904,0
No,26.023,1161,0
No,43.862,974,0
No,39.509,674,0
Yes,15.16,146,0
No,49.736,127,0
No,28.617,796,0
Yes,11.964,1418,0
No,49.445,863,0
No,51.266,124,0
No,34.417,80,0
Yes,18.617,1060,0
No,43.412,1378,0
Yes,17.28,1344,0
Yes,12.587,456,0
Yes,13.216,838,0
Yes,18.266,655,0
Yes,24.282,227,0
Yes,14.791,1094,0
No,44.048,1198,0
No,41.476,699,0
Yes,7.154,1738,0
No,41.238,947,0
Yes,13.133,887,0
No,35.169,435,0
No,23.297,1255,0
No,53.407,35,0
Yes,12.352,341,0
No,34.721,1178,0
No,47.546,1127,0
No,60.183,266,0
No,43.931,0,0
No,50.034,2007,1
Yes,15.423,628,0
Yes,18.415,878,0
No,37.638,1052,0
Yes,16.873,221,0
No,47.444,802,0
No,46.465,641,0
Yes,9.045,1056,0
Yes,24.016,589,0
No,44.072,574,0
No,39.396,1121,0
No,31.711,779,0
No,32.765,903,0
No,49.373,136,0
No,42.15,1136,0
No,40.573,920,0
No,46.174,1164,0
Yes,20.963,0,0
No,54.902,0,0
No,60.322,1329,0
Yes,14.211,646,0
No,42.233,838,0
No,29.574,1462,0
No,37.256,479,0
Yes,22.123,365,0
Yes,13.472,704,0
Yes,27.351,180,0
Yes,11.643,785,0
No,24.978,1004,0
No,32.64,424,0
No,25.558,624,0
Yes,22.664,509,0
No,52.383,1288,0
No,35.961,31,0
No,48.4,1154,0
Yes,27.128,1093,0
No,39.033,566,0
No,26.04,1411,0
No,47.304,791,0
Yes,19.869,748,0
No,58.069,474,0
No,19.022,513,0
No,37.482,523,0
No,26.552,656,0
No,31.966,72,0
No,28.34,1349,0
Yes,13.593,732,0
No,49.207,627,0
No,41.268,525,0
No,43.032,1270,0
No,27.224,551,0
No,32.575,1158,0
Yes,12.597,483,0
No,11.732,331,0
No,12.288,1203,0
No,42.801,151,0
No,54.49,1357,0
No,37.697,310,0
No,47.873,1734,0
No,32.984,596,0
Yes,13.945,469,0
Yes,17.324,295,0
No,49.803,1489,1
No,35.415,29,0
Yes,20.628,717,0
No,50.906,362,0
No,48.153,1378,0
No,14.541,426,0
No,38.162,615,0
No,44.174,855,0
No,45.202,1024,0
No,48.116,715,0
Yes,14.465,957,0
No,25.802,1604,0
No,25.124,1057,0
No,14.909,207,0
No,35.715,546,0
No,42.22,1298,0
No,40.758,1071,0
No,44.754,0,0
Yes,18.654,789,0
No,45.508,1956,0
No,45.179,0,0
No,40.449,1218,0
No,57.839,979,0
No,42.28,1495,0
Yes,14.233,1630,0
No,10.24,365,0
No,52.822,1004,0
No,41.902,377,0
No,28.743,194,0
No,53.471,410,0
Yes,13.364,1231,0
No,37.392,1149,0
No,36.277,663,0
No,53.331,919,0
Yes,20.291,1191,0
No,50.645,1350,0
No,45.828,265,0
Yes,13.977,736,0
No,42.452,91,0
Yes,26.051,933,0
No,25.485,239,0
Yes,13.299,950,0
No,40.24,937,0
No,22.751,490,0
No,23.984,424,0
No,44.449,360,0
Yes,13.74,1039,0
No,46.007,669,0
No,34.673,1279,0
No,53.545,177,0
No,34.017,528,0
No,18.844,1093,0
No,48.381,629,0
No,45.581,1142,0
No,29.623,943,0
No,47.245,654,0
No,46.587,1326,0
No,32.276,265,0
No,38.363,866,0
No,33.379,492,0
Yes,9.583,1695,0
No,32.63,0,0
No,45.987,264,0
No,38.907,1632,1
No,41.161,0,0
No,42.361,1069,0
No,38.493,720,0
No,31.642,968,0
No,34.045,1257,0
No,47.987,965,0
No,45.117,1793,0
No,39.26,1032,0
No,39.8,1296,0
Yes,16.323,855,0
No,46.542,1032,0
No,28.192,1064,0
No,36.557,729,0
Yes,19.134,0,0
Yes,23.205,1429,0
No,41.063,1001,0
No,46.214,290,0
No,38.276,257,0
Yes,24.188,1055,0
No,41.048,625,0
Yes,18.052,471,0
Yes,21.391,534,0
No,54.385,495,0
Yes,14.641,638,0
Yes,20.249,1005,0
Yes,16.923,1179,0
No,37.438,1282,0
No,35.068,1954,1
No,43.44,1393,0
No,50.866,1235,0
No,45.538,1356,0
No,41.032,836,0
No,33.999,466,0
No,28.173,1011,0
No,57.698,957,0
No,29.875,1207,0
Yes,19.168,1806,1
No,36.692,1663,0
No,41.692,843,0
No,25.521,1466,0
No,42.381,2,0
No,37.52,795,0
Yes,15.976,1771,1
No,61.188,559,0
Yes,13.868,969,0
No,45.966,548,0
Yes,17.665,543,0
No,40.374,980,0
No,42.185,811,0
Yes,20.053,1070,0
Yes,26.266,102,0
No,56.944,0,0
No,23.477,102,0
Yes,8.834,883,0
No,28.215,440,0
No,46.417,1708,0
Yes,21.127,1707,0
Yes,17.541,1744,0
Yes,25.203,1703,0
No,40.107,1240,0
No,26.518,1078,0
No,72.461,1234,0
No,23.506,172,0
No,53.122,1342,0
No,40.394,1382,0
Yes,17.134,2035,1
Yes,26.833,538,0
Yes,19.725,1050,0
Yes,20.594,783,0
Yes,12.853,812,0
Yes,17.432,1354,0
No,38.72,1449,0
Yes,15.019,958,0
Yes,9.802,127,0
No,50.766,718,0
No,27.86,1068,0
No,39.477,258,0
No,57.468,702,0
No,42.009,0,0
No,34.229,657,0
No,22.209,522,0
Yes,24.403,490,0
No,23.223,773,0
No,53.802,1009,0
Yes,18.992,1140,0
No,42.729,1005,0
No,29.816,327,0
No,42.194,1353,0
Yes,16.736,1066,0
Yes,16.9,1081,0
Yes,21.639,437,0
No,40.179,836,0
No,39.112,1119,0
No,54.481,538,0
No,37.242,1018,0
No,38.174,676,0
No,45.235,529,0
Yes,18.252,0,0
No,50.55,868,0
No,37.664,1357,0
No,42.297,463,0
No,28.659,0,0
Yes,23.99,1883,0
No,52.765,1107,0
No,41.302,970,0
No,24.851,1459,0
No,48.712,7,0
No,30.132,0,0
Yes,17.368,1143,0
Yes,16.985,973,0
No,21.729,709,0
No,44.285,469,0
Yes,20.013,999,0
No,44.362,730,0
No,35.523,422,0
Yes,18.454,939,0
No,35.591,997,0
No,45.066,578,0
No,50.8,923,0
No,40.324,638,0
No,43.384,806,0
No,28.238,590,0
No,31.31,1820,0
No,40.312,1239,0
Yes,17.996,1765,0
Yes,20.226,1829,0
No,18.555,408,0
Yes,10.973,1109,0
No,42.814,1290,0
No,47.148,1089,0
Yes,19.243,927,0
No,44.105,1431,0
No,29.546,712,0
No,43.548,630,0
Yes,10.834,1197,0
No,12.572,719,0
No,33.216,766,0
No,36.943,381,0
Yes,0.772,1270,0
No,41.923,516,0
No,42.107,1195,0
No,42.205,2187,1
No,50.732,1232,0
No,30.671,998,0
No,34.294,799,0
No,53.779,842,0
No,39.6,299,0
No,9.3,893,0
No,39.099,435,0
No,43.243,329,0
Yes,15.303,2179,1
No,50.702,1476,0
Yes,17.82,528,0
Yes,15.184,1453,0
Yes,15.661,1060,0
No,39.656,828,0
No,47.438,1883,0
No,41.56,941,0
No,47.156,419,0
Yes,19.9,435,0
No,34.526,369,0
No,41.931,1267,0
No,54.589,706,0
Yes,16.585,820,0
No,49.405,154,0
No,50.071,769,0
No,22.389,437,0
No,38.055,344,0
No,27.346,1153,0
No,24.688,100,0
No,34.549,621,0
No,42.286,804,0
No,48.491,818,0
No,42.915,1036,0
No,42.495,493,0
No,25.305,735,0
No,37.265,332,0
No,49.44,772,0
Yes,19.053,914,0
No,29.556,343,0
Yes,16.128,1096,0
No,36.585,0,0
No,46.963,608,0
Yes,12.429,1184,0
No,44.714,933,0
No,34.785,1182,0
Yes,18.002,894,0
No,35.883,1490,0
No,37.396,380,0
No,44.794,1994,1
No,40.49,203,0
No,38.541,2413,1
Yes,14.668,1077,0
No,40.18,576,0
Yes,11.103,1544,0
No,48.17,763,0
No,68.759,909,0
No,42.978,402,0
No,54.207,1786,0
Yes,22.324,596,0
No,49.345,510,0
No,49.547,881,0
No,34.955,1371,0
No,33.513,199,0
No,46.406,646,0
No,35.124,1181,0
Yes,20.135,1240,0
Yes,14.916,1196,0
Yes,19.705,637,0
No,49.945,1039,0
No,35.402,178,0
Yes,16.751,1637,0
No,46.148,825,0
Yes,23.296,1698,0
No,50.805,621,0
No,47.287,995,0
No,60.398,510,0
No,31.389,562,0
Yes,23.332,1049,0
Yes,20.097,731,0
No,36.626,759,0
No,49.09,1370,0
No,50.237,1101,0
No,50.301,1111,0
Yes,18.426,0,0
Yes,13.242,162,0
Yes,14.965,1110,0
Yes,21.129,1066,0
No,28.661,963,0
Yes,19.313,1071,0
No,31.768,1551,0
Yes,22.457,511,0
No,33.786,534,0
No,38.042,193,0
No,32.049,302,0
No,41.162,653,0
No,45.026,0,0
No,37.707,654,0
No,20.806,890,0
No,35.793,1185,0
No,43.835,789,0
Yes,21.509,1409,0
No,34.47,595,0
Yes,15.308,1220,0
No,42.685,1096,0
Yes,17.867,346,0
No,48.915,714,0
Yes,18.242,954,0
No,30.451,49,0
No,27.282,727,0
No,49.716,185,0
No,43.536,891,0
No,43.066,0,0
No,51.095,2344,1
No,21.627,897,0
No,41.356,1083,0
No,27.175,937,0
Yes,10.593,294,0
No,56.677,294,0
No,42.308,848,0
No,41.839,52,0
No,41.134,466,0
No,54.799,176,0
Yes,18.097,1076,0
No,50.9,1054,0
No,45.847,1335,0
No,28.705,0,0
No,41.328,677,0
No,35.621,463,0
No,36.171,1439,0
No,30.473,848,0
No,40.138,348,0
Yes,18.306,709,0
Yes,13.625,1289,1
No,51.705,1564,1
No,51.721,563,0
No,33.267,938,0
Yes,21.347,793,0
No,37.636,1286,0
No,38.461,1208,0
Yes,23.435,1583,0
Yes,13.754,1563,0
Yes,9.789,872,0
No,38.871,29,0
No,48.394,1382,0
Yes,21.096,945,0
No,39.02,183,0
No,43.791,304,0
No,41.84,108,0
No,46.052,998,0
No,43.307,544,0
Yes,22.801,577,0
No,17.994,750,0
No,42.499,358,0
No,29.562,878,0
No,37.69,281,0
Yes,21.074,813,0
Yes,9.879,514,0
Yes,20.942,1143,0
Yes,17.807,1836,0
No,53.666,670,0
Yes,24.69,745,0
No,50.265,0,0
Yes,18.497,1458,0
No,58.551,1524,0
No,51.657,780,1
No,29.326,341,0
No,38.784,970,0
Yes,11.939,1008,0
Yes,19.442,429,0
No,36.457,1488,1
No,24.736,347,0
No,41.36,0,0
No,29.371,1221,0
Yes,10.776,1373,0
No,30.836,0,0
No,36.017,1071,0
Yes,20.793,820,0
Yes,18.053,1088,0
No,44.546,462,0
No,34.748,2113,0
Yes,14.485,808,0
Yes,11.789,1215,0
No,33.369,617,0
Yes,14.959,887,0
No,30.731,592,0
Yes,19.028,1551,1
No,51.508,1337,0
Yes,16.811,1056,0
No,35.695,629,0
No,33.299,1185,0
Yes,17.722,1627,0
No,43.147,1350,0
No,37.864,1125,0
No,30.638,734,0
No,35.283,0,0
No,44.203,309,0
No,34.841,1345,0
No,31.578,598,0
No,43.909,839,0
No,29.413,333,0
No,36.275,321,0
Yes,13.375,1479,0
No,43.46,914,0
No,29.875,751,0
Yes,18.936,1091,0
No,38.255,1567,0
No,24.667,984,0
No,37.763,816,0
No,22.669,722,0
No,40.021,1097,0
No,33.888,915,0
Yes,19.109,905,0
No,53.179,781,0
No,35.616,178,0
No,24.719,467,0
No,38.76,1164,0
No,43.581,1269,0
No,42.493,624,0
No,21.912,274,0
Yes,13.181,595,0
No,66.749,773,0
No,39.879,1354,0
Yes,23.835,942,0
No,31.17,772,0
Yes,21.358,553,0
No,31.033,715,0
No,25.768,916,0
No,30.111,1556,0
No,38.286,957,0
No,31.141,187,0
Yes,19.798,1185,0
No,59.373,353,0
Yes,15.88,1326,0
No,36.913,1530,0
Yes,20.104,2083,1
No,64.213,1109,0
No,50.768,444,0
No,49.488,636,0
Yes,23.559,797,0
No,43.326,234,0
No,46.569,571,0
No,53.102,664,0
Yes,27.96,966,0
No,33.453,1809,1
No,44.426,1553,0
No,51.108,204,0
Yes,13.226,0,0
No,39.915,521,0
No,28.077,1068,0
No,43.155,1458,0
No,45.435,985,0
Yes,17.223,1182,0
No,53.711,749,0
No,36.958,699,0
Yes,17.997,1158,0
No,42.97,1185,0
No,46.854,332,0
Yes,8.584,1084,0
No,30.228,1018,0
No,48.626,329,0
Yes,20.577,1431,0
No,47.424,1421,0
Yes,25.548,1359,1
No,33.122,923,0
Yes,15.799,449,0
No,37.189,1425,0
Yes,18.767,1637,0
No,46.116,312,0
No,28.66,643,0
Yes,22.693,782,0
Yes,18.925,1519,0
No,50.839,1190,0
Yes,23.997,880,0
No,53.355,1336,0
No,42.682,843,0
Yes,11.403,1358,0
No,33.192,680,0
No,67.451,1035,0
No,38.204,1659,1
No,28.493,405,0
No,54.983,1150,0
No,40.774,538,0
No,42.317,492,0
No,28.065,821,0
No,38.185,684,0
Yes,23.438,797,0
No,52.561,829,0
Yes,17.28,843,0
Yes,18.282,224,0
No,36.695,679,0
No,31.537,438,0
No,34.258,1029,0
Yes,14.003,1351,0
No,23.91,0,0
No,46.705,639,0
No,44.778,1319,0
No,35.895,490,0
No,59.68,226,0
Yes,13.58,1129,0
No,45.588,1194,0
No,19.396,1333,0
Yes,13.958,992,0
No,54.839,941,0
No,29.073,0,0
No,39.708,1058,0
Yes,11.702,1627,0
No,40.035,1267,0
No,27.494,1187,0
No,28.164,26,0
No,37.517,0,0
Yes,15.292,1786,0
No,44.196,1114,0
No,37.114,2237,1
No,36.367,1682,0
No,24.833,266,0
No,13.24,291,0
Yes,11.331,940,0
No,49.38,1059,0
No,39.12,0,0
Yes,16.887,1705,1
No,46.106,507,0
No,40.578,1271,0
No,30.548,1576,0
No,36.192,481,0
No,39.665,874,0
Yes,22.167,257,0
No,46.337,1287,0
No,37.173,401,0
No,34.334,1195,0
Yes,18.121,954,0
No,44.408,872,0
No,48.445,1170,0
No,49.731,378,0
No,48.79,708,0
Yes,15.811,903,0
No,66.548,897,0
No,53.705,344,0
Yes,12.541,114,0
No,34.193,427,0
No,51.149,184,0
No,51.114,507,0
No,44.226,0,0
No,59.2,1114,0
No,30.637,1147,0
No,49.904,1358,0
No,35.458,57,0
No,48.592,1535,0
Yes,21.901,1888,0
Yes,19.717,1149,0
No,40.08,1471,0
No,25.243,359,0
No,48.128,792,0
Yes,14.236,1282,0
Yes,16.336,542,0
No,39.543,1717,0
Yes,10.155,1681,1
Yes,16.292,1302,0
No,52.918,581,0
No,40.877,414,0
Yes,20.672,1332,0
No,39.873,568,0
No,39.316,995,0
Yes,21.488,364,0
No,61.94,1118,0
No,36.71,1478,0
No,49.813,599,0
Yes,14.155,525,0
No,52.663,752,0
No,30.151,519,0
No,45.105,331,0
Yes,13.286,568,0
No,27.111,1113,0
No,49.25,0,0
Yes,13.909,535,0
Yes,11.811,934,0
No,25.184,738,0
No,55.435,0,0
No,30.628,410,0
Yes,19.318,704,0
Yes,12.651,2124,1
No,34.246,626,0
No,56.687,23,0
No,51.074,978,0
Yes,10.817,735,0
No,60.954,369,0
Yes,16.421,0,0
Yes,13.371,283,0
Yes,20.068,1135,0
Yes,10.159,1128,0
Yes,18.074,1305,0
Yes,21.65,1315,0
Yes,20.87,1349,0
No,22.827,0,0
No,46.692,1170,1
No,44.641,410,0
Yes,19.63,1627,0
No,46.381,592,0
No,39.175,611,0
Yes,19.245,970,0
Yes,15.175,1223,0
Yes,19.809,282,0
No,54.693,650,0
Yes,16.45,1217,0
Yes,20.122,645,0
Yes,23.735,1322,1
No,45.497,872,0
No,40.524,407,0
No,33.764,108,0
No,25.392,680,0
No,39.229,1622,1
No,53.799,865,0
Yes,24.469,1575,0
No,46.816,446,0
No,37.138,247,0
Yes,21.567,1402,0
No,46.59,0,0
Yes,20.44,1081,0
Yes,18.73,535,0
No,38.673,634,0
Yes,19.546,1189,0
No,36.339,0,0
Yes,19.373,1564,0
No,42.335,590,0
Yes,10.515,1239,0
Yes,21.76,336,0
Yes,19.802,820,0
No,36.471,892,0
No,61.655,421,0
No,28.798,0,0
No,46.03,1558,0
No,29.23,1112,0
No,33.393,1024,0
No,39.544,517,0
No,44.261,838,0
No,43.509,516,0
Yes,14.757,1890,0
Yes,16.51,704,0
No,24.069,594,0
No,35.102,530,0
Yes,13.903,704,0
No,37.273,738,0
No,38.881,907,0
Yes,26.05,714,0
No,22.394,542,0
No,36.631,890,0
No,31.522,850,0
No,35.12,192,0
Yes,18.534,312,0
No,34.525,733,0
Yes,19.059,1205,0
No,39.957,843,0
Yes,15.722,794,0
No,44.429,864,0
No,45.367,1123,0
No,36.555,1102,0
No,38.571,676,0
No,30.099,1202,0
Yes,17.7,741,0
Yes,19.275,1251,0
No,43.51,1025,0
No,33.556,743,0
Yes,14.842,774,0
No,48.908,794,0
No,25.729,663,0
No,44.879,910,0
No,46.148,355,0
No,40.021,0,0
Yes,8.751,995,0
Yes,18.021,2270,1
Yes,17.932,950,0
No,27.925,202,0
Yes,20.195,0,0
Yes,13.376,503,0
No,15.298,602,0
No,29.224,642,0
No,38.63,403,0
No,42.217,361,0
No,58.233,0,0
No,28.736,67,0
No,68.722,821,0
No,49.109,340,0
No,47.707,441,0
Yes,12.368,683,0
No,39.002,605,0
Yes,17.413,714,0
No,40.618,928,0
No,56.205,808,0
Yes,27.071,1406,0
Yes,19.458,1373,0
Yes,24.918,1289,0
No,55.605,89,0
Yes,21.576,1851,0
No,48.926,1587,1
Yes,24.068,2352,1
No,20.028,1091,0
Yes,14.03,695,0
Yes,26.062,397,0
No,42.126,158,0
Yes,21.615,546,0
No,47.654,675,0
No,33.655,812,0
No,39.673,417,0
No,40.859,1259,0
No,36.303,0,0
No,43.689,343,0
Yes,18.405,1557,0
No,26.493,0,0
Yes,18.412,937,0
No,40.347,1029,1
No,38.203,236,0
No,47.97,861,0
No,36.164,830,0
No,31.857,365,0
No,57.561,1307,0
No,55.044,175,0
Yes,15.874,861,0
No,44.686,491,0
No,41.294,747,0
No,51.845,1322,0
No,49.308,773,0
No,37.161,876,0
No,44.99,420,0
Yes,16.701,890,0
No,39.076,411,0
No,51.471,835,0
No,39.018,743,0
Yes,15.954,366,0
No,24.136,1352,0
No,49.303,1563,1
No,35.055,877,0
Yes,15.094,2149,0
No,30.207,412,0
No,22.824,1715,0
Yes,13.861,1252,0
Yes,16.749,1133,0
No,36.381,1512,0
No,40.348,0,0
Yes,17.208,1220,0
No,35.8,642,0
No,44.137,482,0
Yes,18.058,953,0
No,41.1,372,0
No,49.489,679,0
No,42.907,982,0
No,23.336,468,0
No,49.31,1673,1
No,44.251,644,0
No,40.516,1148,0
No,15.499,426,0
No,27.369,245,0
Yes,23.469,740,0
No,42.205,909,0
No,27.356,862,0
Yes,15.728,1232,0
No,48.255,1379,0
No,41.883,944,0
Yes,19.541,396,0
No,39.742,0,0
No,50.921,1175,0
Yes,23.851,1196,0
No,38.281,1013,0
Yes,24.291,1245,0
No,33.278,40,0
No,40.233,691,0
Yes,15.473,118,0
Yes,11.857,671,0
No,26.426,681,0
No,38.031,415,0
Yes,12.862,497,0
Yes,20.164,562,0
No,37.456,1254,0
Yes,13.432,715,0
No,48.183,141,0
No,44.215,1300,0
No,40.556,685,0
No,56.821,528,0
No,39.893,0,0
No,40.37,943,0
No,47.935,0,0
Yes,25.821,954,0
No,35.579,881,0
No,33.327,951,0
No,48.112,1235,0
No,29.189,728,0
No,37.616,627,0
Yes,19.075,211,0
No,43.854,807,0
No,34.925,0,0
No,18.898,904,0
Yes,15.824,1174,0
No,41.93,1247,0
No,33.488,1349,0
No,38.028,696,0
No,37.553,1154,0
Yes,23.374,1320,0
Yes,19.926,811,0
No,34.834,539,0
No,50.496,0,0
No,39.531,1286,0
No,51.051,249,0
No,53.619,212,0
No,30.942,991,0
Yes,21.747,561,0
No,44.336,484,0
No,28.674,1301,0
No,48.47,698,0
No,34.695,143,0
Yes,16.4,642,0
No,36.898,1245,0
No,32.595,694,0
Yes,19.52,1224,0
No,35.158,1326,0
No,41.195,1019,0
Yes,20.108,974,0
Yes,19.806,838,0
No,39.408,1826,1
No,29.914,512,0
Yes,11.383,1071,0
Yes,11.334,1614,0
No,45.517,358,0
No,29.721,0,0
No,18.218,1573,0
Yes,16.743,1311,0
Yes,19.393,1820,1
No,48.014,804,0
Yes,11.135,1422,0
No,45.005,978,0
No,41.039,521,0
No,48.631,714,0
No,41.301,141,0
No,29.775,0,0
No,31.083,0,0
No,57.484,624,0
No,34.513,219,0
No,36.182,579,0
No,51.155,1444,0
Yes,17.922,638,0
No,55.158,0,0
No,37.72,916,0
No,33.924,1527,0
Yes,13.131,2052,0
No,40.977,1530,0
No,46.371,938,0
No,30.39,662,0
No,56.141,991,0
No,45.764,125,0
Yes,14.33,1379,0
No,46.709,929,0
No,39.478,125,0
No,40.399,215,0
No,19.03,1176,0
No,39.775,485,0
No,38.88,592,0
Yes,15.646,149,0
No,33.876,1253,0
No,28.183,475,0
No,38.989,2075,1
No,38.444,796,0
No,61.475,1645,1
No,38.23,238,0
Yes,24.649,2168,1
Yes,23.376,1507,0
Yes,15.157,890,0
No,32.468,918,0
No,33.951,0,0
No,73.554,1593,0
No,45.776,386,0
No,39.765,421,0
No,30.826,373,0
No,46.663,853,0
No,28.14,310,0
No,29.475,0,0
No,49.317,1194,0
No,30.101,963,0
No,25.646,1207,0
No,34.932,260,0
No,44.605,713,0
No,35.556,793,0
No,36.062,0,0
No,23.859,1051,0
No,54.161,737,0
Yes,12.475,729,0
No,40.393,0,0
No,40.902,869,0
Yes,17.666,979,0
Yes,25.041,949,0
No,32.901,862,0
Yes,22.175,1687,0
Yes,21.217,1288,0
No,36.023,891,0
No,50.638,1548,0
No,23.111,1133,0
No,38.987,450,0
Yes,18.472,409,0
No,40.249,517,0
No,30.294,317,0
Yes,26.011,979,0
No,53.081,1057,0
No,53.22,779,0
No,39.696,646,0
No,58.647,198,0
No,32.962,325,0
Yes,20.894,1526,0
No,47.593,0,0
No,50.505,1321,0
No,39.683,571,0
No,24.854,244,0
Yes,16.4,894,0
No,28.876,568,0
No,54.792,1072,0
No,40.882,2075,1
No,33.703,32,0
No,58.088,597,0
No,21.426,1226,0
Yes,24.146,983,0
Yes,20.751,1817,0
No,14.524,939,0
No,30.173,0,0
Yes,19.27,807,0
Yes,23.119,497,0
No,25.023,875,0
No,40.537,920,0
No,22.975,780,0
No,49.672,862,0
Yes,10.418,788,0
No,31.662,826,0
No,36.365,1011,0
No,21.358,365,0
No,40.982,848,0
No,35.235,1131,0
No,38.602,1346,0
No,50.688,553,0
Yes,23.82,781,0
Yes,17.743,652,0
No,35.426,1307,0
Yes,19.568,718,0
Yes,17.845,385,0
Yes,17.14,913,0
No,48.014,1349,0
Yes,24.737,2216,0
No,41.217,222,0
Yes,18.113,1169,0
No,35.045,1385,0
No,54.133,245,0
No,47.152,1614,0
No,31.236,1009,0
Yes,17.402,994,0
No,42.647,273,0
Yes,13.026,1175,0
No,31.578,1734,0
No,34.545,0,0
Yes,13.959,1036,0
Yes,18.59,1062,0
Yes,15.473,2018,0
No,41.417,1429,0
No,21.961,416,0
Yes,17.061,1087,0
Yes,18.078,706,0
Yes,23.407,718,0
No,43.479,888,0
No,19.106,551,0
No,27.738,1384,0
Yes,26.9,523,0
No,47.468,123,0
No,30.276,321,0
No,56.733,432,0
No,38.348,382,0
Yes,17.446,547,0
No,40.74,956,0
Yes,17.801,676,0
Yes,15.956,870,0
No,21.166,459,0
No,54.01,1053,0
Yes,20.926,673,0
No,51.821,363,0
No,32.225,657,0
Yes,10.488,793,0
No,27.013,345,0
No,48.034,453,0
Yes,13.361,235,0
No,29.304,961,0
No,45.701,0,0
No,37.673,10,0
No,68.145,229,0
Yes,10.778,1742,0
Yes,20.359,529,0
Yes,11.362,1219,0
No,46.135,268,0
Yes,13.378,1936,1
No,37.671,593,0
No,30.593,655,0
No,34.065,821,0
No,51.149,633,0
No,44.147,416,0
No,55.697,829,0
No,27.898,443,0
No,26.591,498,0
No,47.706,694,0
No,55.544,498,0
No,30.375,1096,0
No,19.004,917,0
No,28.953,686,0
No,38.663,1144,0
Yes,26.764,850,0
No,15.35,1583,0
No,49.477,697,0
No,30.07,1666,1
No,23.991,768,0
No,38.216,584,0
No,37.727,0,0
Yes,20.906,822,0
No,57.159,1262,0
Yes,17.714,488,0
No,67.124,857,0
No,24.058,1507,0
Yes,13.932,817,0
Yes,20.478,285,0
No,36.723,694,0
No,35.6,0,0
No,45.083,217,0
No,34.684,1378,0
No,39.911,792,0
No,28.312,124,0
No,43.124,1374,0
No,28.099,235,0
No,33.705,556,0
Yes,19.699,267,0
No,34.464,855,0
Yes,19.797,832,0
No,39.21,577,0
No,39.629,215,0
No,44.826,1287,0
No,33.569,251,0
No,44.89,339,0
No,58.028,508,0
No,37.891,948,0
Yes,18.487,360,0
No,33.3,102,0
No,33.293,421,0
No,51.132,408,0
No,39.163,660,0
Yes,19.169,1115,0
No,44.081,289,0
No,44.482,147,0
Yes,15.422,274,0
No,35.622,476,0
No,42.053,500,0
No,37.304,847,0
No,43.595,1033,0
No,42.377,1047,0
No,53.45,1157,0
No,26.213,280,0
Yes,19.533,1291,0
Yes,17.933,1405,0
Yes,20.745,678,0
Yes,12.959,1518,0
No,23.721,996,0
No,41.68,683,0
No,33.349,1007,0
No,51.055,0,0
Yes,17.648,1807,0
No,54.071,362,0
Yes,10.818,1200,0
No,17.122,619,0
No,54.411,144,0
No,59.129,294,0
No,27.961,987,0
Yes,16.831,1521,0
No,41.629,2034,0
No,45.774,759,0
No,44.858,642,0
Yes,15.214,1119,0
No,18.064,0,0
No,45.226,1296,0
Yes,14.96,1472,0
No,48.236,1722,0
Yes,6.366,468,0
No,43.915,529,0
No,26.219,1304,0
Yes,21.412,703,0
No,34.319,478,0
No,24.053,1830,0
Yes,25.31,757,0
No,52.49,1132,0
No,27.869,618,0
No,38.151,330,0
No,52.839,325,0
No,43.153,595,0
No,35.688,210,0
No,17.918,1255,0
Yes,11.608,1728,0
Yes,15.802,1501,1
No,35.87,1349,0
No,41.315,197,0
No,49.709,702,0
No,40.101,1370,0
No,51.583,651,0
No,42.672,1143,0
No,70.701,1068,0
No,31.101,1508,0
Yes,18.055,1214,0
No,39.58,1654,0
Yes,22.208,1015,0
Yes,17.276,989,0
No,42.202,916,0
No,47.916,1550,1
No,21.297,636,0
Yes,22.787,593,0
No,36.497,484,0
No,45.455,1142,0
No,40.224,399,0
No,37.885,1236,0
No,32.611,0,0
No,35.068,745,0
No,23.317,1916,0
Yes,11.041,1061,0
No,50.067,1239,0
Yes,10.674,828,0
No,33.29,787,0
Yes,19.886,1255,0
No,25.394,1018,0
Yes,12.113,1006,0
No,26.046,1064,0
No,13.719,103,0
Yes,19.272,1557,0
No,37.093,1187,0
Yes,22.048,1560,0
No,49.977,640,0
No,31.731,418,0
No,44.933,735,0
No,45.284,948,0
No,52.537,620,0
No,44.228,442,0
Yes,15.964,1402,1
No,28.992,1360,1
Yes,20.89,194,0
Yes,17.166,1382,0
No,35.532,896,0
No,33.672,310,0
No,10.234,1268,0
Yes,18.496,0,0
No,57.263,169,0
No,61.193,933,0
No,47.703,950,0
No,20.223,69,0
No,31.392,568,0
No,51.48,0,0
No,34.702,1196,0
No,43.52,11,0
No,37.938,1185,0
No,47.237,0,0
No,39.338,0,0
Yes,17.962,1812,1
Yes,25.373,854,0
No,49.337,726,0
No,59.241,862,0
No,24.99,677,0
No,36.267,562,0
No,30.465,271,0
No,48.378,100,0
No,35.042,729,0
No,34.576,324,0
No,24.781,504,0
Yes,22.867,1189,0
No,40.223,911,0
No,47.893,1322,0
Yes,13.723,1213,0
No,41.282,619,0
No,21.623,1722,0
No,50.54,1247,0
No,41.194,0,0
Yes,11.525,563,0
No,42.409,825,0
Yes,14.969,1166,0
No,39.504,1193,0
No,55.592,661,0
No,37.668,876,0
No,23.928,360,0
No,39.657,1403,0
Yes,16.4,734,0
No,48.781,0,0
Yes,17.656,874,0
No,50.231,0,0
No,35.123,1276,0
No,53.423,706,0
No,22.61,661,0
Yes,14.307,1790,1
Yes,18.805,1809,0
Yes,14.782,460,0
Yes,24.824,813,0
Yes,15.536,1310,0
No,28.805,302,0
Yes,7.75,1178,0
No,38.591,1621,0
Yes,15.332,401,0
Yes,16.446,871,0
Yes,19.991,1091,0
Yes,7.492,920,0
No,31.15,48,0
Yes,16.083,1124,0
No,38.567,1702,0
No,16.515,267,0
No,44.232,230,0
No,50.076,0,0
No,53.624,409,0
No,35.015,326,0
No,27.951,685,0
No,35.62,1419,0
Yes,21.377,237,0
No,30.16,400,0
No,23.637,982,0
No,33.595,1532,0
No,45.344,989,0
Yes,23.517,1628,0
No,35.981,474,0
No,40.637,1492,0
Yes,14.25,1799,0
Yes,14.93,1573,1
No,46.541,741,0
No,52.704,932,0
No,28.265,381,0
No,65.128,1293,0
Yes,13.555,1456,0
No,31.337,236,0
No,54.659,0,0
No,27.937,837,0
Yes,16.578,1149,0
No,33.957,1450,0
No,12.741,558,0
No,37.073,962,0
Yes,9.506,614,0
No,25.055,1666,1
No,45.261,1482,0
Yes,18.689,692,0
Yes,11.739,1023,0
Yes,19.142,816,0
No,30.587,1509,0
No,36.839,439,0
Yes,7.112,1795,0
No,50.099,1151,0
Yes,9.664,2025,1
No,44.966,991,0
No,55.017,1193,0
Yes,16.006,575,0
No,22.327,425,0
Yes,15.728,683,0
No,27.196,1058,0
Yes,12.453,1134,0
No,45.92,1367,0
Yes,21.371,503,0
No,40.659,914,0
No,29.856,418,0
Yes,13.847,14,0
No,41.276,1402,0
No,46.026,626,0
Yes,16.615,516,0
Yes,11.616,1492,0
No,43.55,882,0
No,41.428,650,0
No,56.245,57,0
Yes,20.953,926,0
Yes,8.504,949,0
No,35.855,610,0
No,39.927,1185,0
Yes,21.086,1182,0
Yes,21.905,1009,0
No,43.487,912,0
No,48.94,986,0
No,44.126,764,0
No,50.109,116,0
No,37.41,1061,0
No,51.596,622,0
Yes,21.087,1334,0
No,57.866,1719,0
No,50.288,998,0
No,42.075,76,0
No,50.783,264,0
Yes,16.296,367,0
Yes,21.498,768,0
No,48.512,292,0
No,39.874,421,0
No,47.228,879,0
No,39.83,0,0
No,40.378,495,0
No,40.716,352,0
No,53.069,630,0
Yes,16.687,1407,0
No,44.055,910,0
No,23.954,1096,0
Yes,18.244,397,0
No,52.697,327,0
No,43.059,1001,0
Yes,10.154,493,0
No,29.671,67,0
No,47.811,414,0
No,31.512,0,0
No,25.254,561,0
Yes,23.281,1365,0
No,13.574,0,0
No,39.892,1501,0
No,35.233,684,0
No,46.551,289,0
No,30.357,554,0
Yes,10.524,649,0
Yes,18.185,514,0
Yes,1.498,770,0
Yes,20.105,1242,0
No,31.403,1401,0
No,22.939,333,0
No,48.8,1307,0
Yes,14.68,801,0
Yes,14.649,1265,0
Yes,19.389,1847,0
Yes,16.279,1233,0
No,33.152,784,0
No,27.081,688,0
No,42.984,1477,1
No,32.721,0,0
No,30.905,615,0
Yes,18.31,447,0
No,36.774,863,0
No,43.025,1570,0
No,26.971,849,0
No,27.284,76,0
No,49.804,988,0
Yes,20.954,786,0
Yes,29.9,1219,0
No,50.551,75,0
No,62.142,912,0
Yes,14.689,1001,0
No,56.22,856,0
Yes,21.719,767,0
No,24.28,200,0
No,36.996,1635,0
No,47.35,740,0
Yes,21.784,1591,0
No,49.074,70,0
No,57.243,1920,1
Yes,16.177,1137,0
No,39.339,1225,0
No,55.065,901,0
No,46.698,999,0
No,52.081,677,0
Yes,14.223,1079,0
No,39.718,1296,0
Yes,22.435,787,0
Yes,17.689,1401,0
No,63.285,295,0
Yes,21.651,556,0
Yes,16.613,1435,0
No,40.953,247,0
No,34.781,986,0
Yes,19.454,546,0
Yes,21.717,1295,0
No,58.747,340,0
No,39.9,846,0
Yes,18.178,1176,0
No,33.328,259,0
No,44.607,1791,1
Yes,23.694,633,0
No,42.012,1478,0
No,14.096,949,0
No,54.682,761,0
No,49.059,630,0
Yes,15.979,848,0
No,47.196,304,0
No,46.617,288,0
No,47.76,949,0
No,44.749,997,0
No,52.166,75,0
No,25.211,855,0
No,49.741,752,0
Yes,19.17,1120,0
No,46.308,710,0
Yes,24.093,1232,0
No,45.491,1112,0
No,35.888,81,0
No,51.677,624,0
No,48.565,358,0
No,50.559,0,0
No,37.351,425,0
No,42.619,961,0
Yes,18.601,2008,1
No,39.08,831,0
No,32.86,1474,0
Yes,26.114,1142,0
No,31.752,816,0
No,49.067,290,0
Yes,18.078,2089,0
Yes,21.189,1311,0
Yes,7.761,1436,0
No,37.595,1336,1
Yes,14.971,1169,0
No,44.218,995,0
No,36.191,1220,0
No,43.247,345,0
No,37.324,422,0
Yes,26.433,732,0
No,33.981,1644,0
No,51.23,603,0
No,44.845,1526,0
No,33.131,901,0
Yes,21.59,974,0
Yes,13.486,1053,0
No,40.823,1143,0
No,46.503,489,0
Yes,16.502,631,0
No,55.659,192,0
No,32.297,629,0
No,40.505,1080,0
Yes,16.942,37,0
No,20.817,1266,0
Yes,20.047,246,0
Yes,17.837,1279,0
No,42.365,532,0
No,44.539,529,0
No,17.534,205,0
Yes,17.578,0,0
No,54.003,512,0
No,42.418,771,0
No,22.431,0,0
Yes,20.446,913,0
Yes,12.906,1145,0
No,27.146,607,0
No,40.357,783,0
Yes,18.459,1227,0
No,38.982,862,0
Yes,25.11,1056,0
No,39.928,946,0
Yes,25.788,998,0
Yes,16.205,1371,0
Yes,19.592,1534,0
Yes,12.398,991,0
Yes,12.376,1052,0
No,39.433,732,0
No,49.67,418,0
No,37.947,815,0
No,45.338,391,0
No,39.858,0,0
Yes,10.887,1006,0
No,25.317,1676,0
No,30.89,380,0
Yes,5.083,765,0
Yes,13.901,1033,0
No,44.775,704,0
No,42.454,414,0
No,39.396,440,0
Yes,17.93,1165,0
No,29.711,358,0
No,42.464,675,0
No,23.617,0,0
No,54.42,1158,0
Yes,17.077,128,0
Yes,25.802,1169,0
No,47.231,0,0
No,25.011,402,0
No,42.322,390,0
No,37.573,552,0
No,51.123,0,0
No,54.297,505,0
No,67.018,567,0
No,43.135,458,0
No,32.721,1252,0
No,38.745,388,0
No,30.52,884,0
No,48.756,327,0
No,23.561,539,0
Yes,21.373,1223,0
No,42.55,1219,0
No,35.748,481,0
No,40.122,241,0
Yes,23.261,485,0
Yes,23.63,833,0
No,42.994,1596,0
No,40.616,1168,0
No,19.42,322,0
Yes,11.337,1149,0
No,55.26,848,0
No,39.028,895,0
No,47.169,662,0
Yes,24.622,1335,0
No,45.54,993,0
No,33.987,826,0
No,35.532,1439,0
No,44.495,1333,0
No,57.657,151,0
No,44.526,0,0
No,29.98,682,0
Yes,17.533,1637,0
No,51.672,2,0
No,35.055,1074,0
Yes,23.587,536,0
No,43.694,934,0
Yes,17.967,1079,0
No,32.978,1814,0
Yes,17.763,1989,1
No,34.31,1219,0
No,24.745,1823,0
No,18.373,736,0
No,33.081,1084,0
Yes,15.352,284,0
Yes,20.905,1204,0
No,44.683,667,0
No,47.549,725,0
No,44.257,779,0
No,64.645,1147,0
No,47.483,715,0
No,27.002,1006,0
No,50.237,254,0
No,22.722,4,0
No,44.113,918,0
No,28.811,1093,0
No,21.381,303,0
No,47.775,748,0
No,59.695,902,0
Yes,9.267,1301,0
No,35.492,1928,1
No,53.801,602,0
Yes,11.952,666,0
Yes,16.475,751,0
No,53.394,1903,1
No,37.657,515,0
No,41.798,675,0
No,55.98,255,0
Yes,19.042,824,0
No,49.925,593,0
No,33.625,1144,0
No,39.789,915,0
No,41.782,1054,0
Yes,14.379,1683,0
No,41.715,969,0
Yes,21.172,794,0
No,45.903,1193,0
No,36.852,52,0
No,31.364,0,0
No,21.103,1138,0
No,42.824,119,0
No,46.186,788,0
No,41.314,1316,0
No,38.107,617,0
No,24.821,809,0
No,30.067,1315,0
No,49.163,756,0
No,45.281,954,0
Yes,13.014,1110,0
Yes,20.426,863,0
No,44.187,749,0
Yes,16.943,1500,0
No,34.089,1353,0
No,38.396,940,0
No,37.599,444,0
No,18.96,753,0
No,26.101,0,0
Yes,20.392,814,0
No,38.661,741,0
Yes,29.871,874,0
No,44.18,218,0
Yes,16.08,727,0
Yes,19.468,501,0
No,42.169,937,0
Yes,18.642,1068,0
No,51.504,2499,1
No,48.217,826,0
No,30.297,1490,0
No,28.364,0,0
No,25.371,556,0
No,29.02,688,0
No,27.146,1388,0
No,43.36,1089,0
Yes,14.975,1299,0
No,60.656,472,0
No,60.23,630,0
No,23.262,1334,0
No,69.547,1030,0
No,46.806,734,0
No,27.6,962,1
Yes,5.524,1225,0
No,30.098,0,0
No,43.38,312,0
Yes,26.229,1788,0
No,25.174,1217,0
No,41.257,473,0
No,28.804,924,0
Yes,15.969,709,0
No,49.756,332,0
No,21.903,698,0
Yes,17.554,1787,0
Yes,20.882,1441,0
No,36.374,568,0
No,39.263,283,0
No,23.225,736,0
Yes,10.258,796,0
No,47.075,1135,0
No,34.469,211,0
No,33.651,391,0
No,48.388,971,0
Yes,14.142,1380,0
Yes,27.387,340,0
No,36.004,492,0
No,32.283,592,0
Yes,14.898,880,0
Yes,17.27,1655,0
No,36.725,733,0
No,40.712,905,0
No,43.501,839,0
No,43.322,1345,0
No,43.856,1754,0
Yes,6.467,1887,0
No,26.465,1095,0
Yes,19.807,375,0
No,46.235,1360,0
No,18.676,707,0
No,45.647,369,0
Yes,19.319,1341,0
No,50.335,1078,0
No,46.612,891,0
No,56.615,1562,0
Yes,12.386,598,0
No,43.98,813,0
Yes,18.884,744,0
No,33.644,467,0
No,27.501,1110,0
No,33.164,459,0
No,37.342,522,0
No,32.32,15,0
Yes,18.053,1766,0
No,15.547,621,0
No,35.288,591,0
Yes,12.179,1093,0
Yes,10.608,1036,0
Yes,22.36,1283,0
No,39.561,72,0
No,51.032,837,0
No,55.761,0,0
No,33.737,608,0
No,45.957,771,0
No,61.566,486,0
Yes,19.323,1032,0
No,40.131,1385,0
Yes,17.668,1789,1
No,38.348,451,0
No,45.839,508,0
No,40.803,1346,0
No,47.204,1264,0
No,43.926,892,0
Yes,23.203,726,0
No,26.853,971,0
No,52.712,322,0
Yes,19.342,375,0
No,43.847,513,0
Yes,15.453,1033,0
No,44.909,549,0
No,48.57,988,0
Yes,20.414,135,0
No,47.272,817,0
No,52.646,994,0
Yes,23.878,1473,0
No,36.858,182,0
Yes,15.339,777,0
No,49.17,674,0
No,42.879,0,0
No,49.306,319,0
Yes,17.288,1183,0
No,48.654,855,0
Yes,15.056,1090,0
Yes,22.948,815,0
No,13.125,449,0
Yes,16.06,1059,0
No,37.62,1393,1
No,34.368,850,0
No,51.258,311,0
No,46.55,118,0
Yes,20.667,1329,0
No,27.206,776,0
No,32.574,792,0
No,44.359,650,0
Yes,13.709,375,0
No,48.991,219,0
No,35.133,1266,0
No,30.441,355,0
No,38.867,1157,0
No,43.337,1167,0
No,62.141,983,0
No,30.726,354,0
No,49.861,507,0
Yes,16.969,928,0
No,56.089,944,0
No,29.771,1086,0
No,41.204,266,0
No,48.304,516,0
No,47.67,1635,0
No,43.468,86,0
Yes,16.299,1237,0
No,40.355,747,0
No,43.889,1353,0
Yes,18.663,1177,0
No,46.416,737,0
No,32.922,798,0
No,41.586,849,0
No,33.633,934,0
No,49.394,528,0
No,49.261,686,0
No,30.002,398,0
No,62.329,753,0
No,46.732,1188,0
No,48.134,1494,0
No,36.44,828,0
No,39.677,1109,0
No,51.663,223,0
No,22.318,1376,0
No,56.254,78,0
No,40.574,0,0
No,41.765,943,0
Yes,10.722,1070,0
No,31.231,370,0
No,31.688,857,0
No,36.961,1221,0
No,29.219,966,0
Yes,20.198,1421,0
No,44.441,63,0
No,53.26,219,0
No,34.622,1206,0
No,42.285,0,0
No,45.113,1210,0
Yes,29.107,0,0
No,32.58,789,0
Yes,22.012,1344,0
No,38.496,427,0
Yes,12.711,759,0
No,43.676,162,0
No,41.474,643,0
No,41.435,1378,1
No,53.655,626,0
No,46.543,0,0
Yes,20.465,1092,0
No,30.179,484,0
No,53.965,174,0
Yes,16.446,1276,0
No,36.922,675,0
No,49.59,769,0
No,31.96,1341,0
No,39.166,1348,0
No,40.394,235,0
No,45.643,0,0
Yes,11.915,1268,0
No,50.23,299,0
No,31.423,915,0
No,22.57,796,0
No,31.645,33,0
Yes,18.94,940,0
Yes,21.707,1236,0
No,48.228,917,0
No,25.375,372,0
No,47.095,1297,0
No,58.539,549,0
Yes,20.804,1069,0
No,46.572,885,0
No,44.983,1386,0
No,35.756,135,0
No,38.582,1187,0
No,52.498,1756,0
No,43.911,778,0
Yes,13.913,1161,0
No,36.272,853,0
No,52.946,668,0
Yes,20.928,912,0
No,62.115,504,0
No,38.865,380,0
No,49.793,0,0
No,45.178,930,0
No,46.875,1324,0
No,53.691,191,0
Yes,17.503,1062,0
No,27.179,1394,0
No,24.857,1380,0
No,36.842,290,0
No,30.712,1057,0
No,31.026,1015,0
Yes,14.726,852,0
Yes,19.246,1050,0
No,33.648,246,0
No,26.598,466,0
No,43.899,1714,0
No,67.279,675,0
No,22.434,1447,0
No,47.041,1474,0
No,36.996,593,0
No,54.404,1386,0
No,37.075,569,0
Yes,16.569,1031,0
No,27.401,319,0
No,25.588,878,0
No,49.96,893,0
No,35.818,82,0
Yes,15.977,1030,0
No,40.459,721,0
No,53.274,469,0
No,44.769,1476,0
No,51.424,301,0
No,33.015,227,0
Yes,18.389,1165,0
No,31.351,379,0
No,47.287,2202,1
No,32.816,958,0
No,34.546,944,0
No,47.722,589,0
No,41.989,1125,0
No,52.888,1052,0
Yes,20.91,235,0
No,48.412,350,0
No,28.9,889,0
Yes,16.382,310,0
Yes,24.82,821,0
No,47.728,1412,0
Yes,17.538,516,0
Yes,12.055,879,0
Yes,19.248,1257,0
Yes,15.699,0,0
No,48.07,98,0
No,54.428,574,0
No,43.427,767,0
No,47.219,1046,0
Yes,13.026,869,0
No,47.894,1611,0
No,40.416,1038,0
No,42.469,835,0
Yes,24.126,1494,1
No,32.579,694,0
No,47.877,751,0
No,38.237,464,0
Yes,21.765,1220,0
No,31.971,506,0
No,42.358,465,0
No,51.239,837,0
Yes,15.834,1020,0
Yes,17.679,1466,0
No,47.455,713,0
No,58.489,233,0
No,37.737,1362,0
No,28.951,0,0
No,37.672,634,0
No,26.741,495,0
No,25.309,98,0
No,28.263,478,0
Yes,20.351,1122,0
Yes,21.848,1119,1
No,38.791,1717,0
Yes,22.595,683,0
No,38.223,1505,0
Yes,24.193,512,0
No,37.796,0,0
Yes,14.23,777,0
Yes,15.523,857,0
Yes,23.546,560,0
Yes,14.683,1639,0
No,63.76,473,0
No,50.959,782,0
No,35.517,584,0
No,39.96,316,0
No,37.383,684,0
Yes,21.446,490,0
No,44.425,1163,0
No,55.093,666,0
No,38.743,697,0
Yes,14.897,605,0
No,56.033,214,0
No,51.173,1039,0
No,35.041,337,0
No,38.11,364,0
No,40.875,185,0
No,37.712,1295,0
Yes,15.159,489,0
No,39.149,815,0
No,32.389,728,0
No,42.862,519,0
No,40.365,1445,0
Yes,18.107,948,0
Yes,23.245,631,0
Yes,23.913,1367,0
No,32.945,0,0
No,50.404,281,0
No,39.256,1057,0
No,33.862,544,0
No,34.088,1049,0
No,31.151,563,0
No,44.536,1386,0
No,24.428,1510,0
No,27.565,1000,0
No,30.144,0,0
No,46.928,104,0
No,39.301,1063,0
Yes,20.991,1026,0
No,52.192,338,0
No,55.497,597,0
No,18.154,1101,0
Yes,19.441,1054,0
No,27.997,274,0
No,51.509,1457,1
Yes,14.568,1777,0
No,50.069,773,0
Yes,12.224,922,0
No,59.267,0,0
No,39.318,1249,0
Yes,19.449,989,0
No,40.36,1114,0
Yes,17.064,1100,0
No,38.947,443,0
Yes,19.213,1171,0
Yes,17.705,532,0
No,20.456,728,0
No,27.027,365,0
Yes,21.718,769,0
No,60.388,983,0
No,41.489,888,0
No,47.432,1310,0
Yes,24.606,795,0
No,37.468,97,0
No,51.743,1187,0
Yes,10.383,889,0
Yes,16.681,813,0
No,50.828,1597,0
Yes,11.854,567,0
No,31.439,1743,0
No,47.299,910,0
No,42.287,107,0
No,38.511,1366,0
Yes,13.929,1122,0
No,43.969,0,0
No,43.524,494,0
Yes,17.445,1294,0
No,41.067,528,0
No,52.383,940,0
No,32.295,1178,0
No,44.003,1225,0
No,36.322,709,0
No,50.509,1463,0
No,35.739,0,0
Yes,15.175,130,0
No,41.908,337,0
No,49.647,965,0
Yes,9.77,454,0
No,30.304,792,0
No,36.299,1011,0
No,33.543,972,0
No,33.915,1027,0
Yes,8.638,1391,0
Yes,19.33,748,0
No,40.307,1027,0
No,55.487,1033,0
No,38.341,922,0
Yes,24.505,743,0
No,48.086,600,0
No,27.07,49,0
No,36.521,503,0
Yes,8.624,865,0
No,36.555,325,0
No,43.931,1218,0
No,39.503,153,0
No,44.361,496,0
Yes,19.323,1128,0
No,28.353,500,0
No,57.554,683,0
Yes,25.398,567,0
No,39.975,1150,0
No,27.823,1168,0
Yes,20.976,181,0
Yes,22.618,1041,0
No,48.774,700,0
Yes,25.819,1587,0
No,49.988,294,0
No,54.491,738,0
Yes,18.251,345,0
No,42.11,1106,0
No,21.364,537,0
No,47.513,1162,0
Yes,14.981,1547,0
No,52.189,994,0
No,60.456,367,0
No,30.156,326,0
No,34.88,640,0
No,25.162,829,0
Yes,17.044,1335,0
No,29.246,430,0
No,37.878,773,0
No,34.191,1095,0
Yes,22.361,1259,0
No,37.6,696,0
No,29.542,0,0
Yes,14.797,597,0
No,30.217,358,0
Yes,13.676,1301,0
Yes,18.073,420,0
No,49.482,1650,0
Yes,18.357,288,0
No,47.515,1283,0
Yes,17.05,1412,0
Yes,22.925,1437,0
No,43.745,965,0
No,32.216,1308,0
No,41.417,1344,0
No,42.888,786,0
No,13.586,137,0
No,29.691,781,0
No,56.959,690,0
No,43.525,1508,0
Yes,21.811,1401,0
Yes,14.171,852,0
No,25.046,965,0
No,49.005,1192,0
No,49.516,134,0
Yes,24.063,1180,0
Yes,23.91,556,0
No,55.543,678,0
No,39.055,1964,1
No,43.442,1877,0
No,31.251,1432,0
Yes,16.745,901,0
No,50.648,1067,0
No,50.29,751,0
Yes,14.328,379,0
Yes,16.44,966,0
Yes,16.261,437,0
No,30.8,475,0
Yes,25.364,263,0
No,44.807,0,0
No,58.412,343,0
No,30.291,961,0
No,43.992,443,0
No,62.16,0,0
No,46.658,432,0
No,13.98,495,0
No,44.714,155,0
Yes,21.562,1026,0
No,36.514,894,0
No,34.56,942,0
No,43.142,683,0
Yes,18.083,1307,0
No,25.604,0,0
No,50.209,643,0
No,52.725,394,0
No,55.523,647,0
Yes,15.994,1215,0
No,44.372,827,0
No,44.718,1021,0
No,24.683,942,0
No,47.684,1511,0
No,27.687,487,0
Yes,20.456,1215,0
No,35.568,1067,0
No,45.443,83,0
No,46.755,1437,0
Yes,14.108,1036,0
Yes,25.103,699,0
No,36.257,248,0
No,31.005,0,0
No,30.004,1530,1
Yes,19.994,476,0
No,35.781,1062,0
Yes,23.813,1149,0
No,49.623,812,0
No,24.903,877,0
No,28.057,810,0
No,54.666,1288,0
No,40.371,1397,1
No,36.184,789,0
No,46.946,827,0
No,37.393,326,0
No,23.89,929,0
Yes,16.276,1098,0
No,47.761,119,0
No,39.199,790,0
No,52.296,0,0
No,30.338,478,0
No,43.437,1470,0
No,25.856,511,0
No,24.564,687,0
No,38.626,0,0
Yes,22.093,819,0
No,41.381,162,0
No,43.155,872,0
No,11.193,481,0
No,55.022,2059,0
No,45.182,1048,0
No,45.256,1559,0
No,38.002,1011,0
Yes,18.423,1364,0
No,43.815,1727,0
Yes,20.344,1743,0
No,47.947,63,0
No,32.595,635,0
No,45.983,1043,0
Yes,18.402,220,0
No,53.703,957,0
Yes,5.119,335,0
No,43.803,1322,0
No,34.298,1005,0
Yes,25.652,1197,0
No,26.599,0,0
Yes,15.309,548,0
Yes,24.44,288,0
Yes,17.672,674,0
No,47.65,1021,0
No,37.464,1340,0
No,49.885,662,0
No,31.466,897,0
No,30.685,0,0
No,30.226,563,0
No,37.524,546,0
No,27.889,0,0
No,36.676,1278,1
No,45.951,449,0
Yes,17.273,712,0
No,37.728,180,0
Yes,21.154,715,0
No,58.247,465,0
No,52.87,803,0
Yes,16.508,672,0
Yes,15.997,1143,0
Yes,22.902,888,0
No,24.905,826,0
No,27.105,1024,0
No,29.868,1360,0
No,42.9,747,0
Yes,15.802,1822,0
Yes,14.295,542,0
No,59.731,459,0
Yes,24.347,1027,0
No,47.235,1097,0
No,47.146,771,0
Yes,8.098,1925,0
No,52.507,795,0
Yes,26.5,360,0
No,51.633,1378,0
No,38.613,901,0
No,38.323,1163,0
Yes,14.344,1547,0
No,60.575,1014,0
No,39.25,0,0
No,38.878,631,0
Yes,15.074,978,0
No,44.601,581,0
No,38.822,1738,0
No,61.794,1155,0
No,42.72,136,0
No,43.65,1510,0
Yes,15.419,1163,0
No,48.69,1390,0
No,40.947,1351,0
No,41.174,1904,1
No,27.261,427,0
No,45.705,1073,0
No,45.941,974,0
No,34.863,271,0
No,47.726,0,0
Yes,10.544,687,0
No,38.457,1064,0
No,25.013,674,0
Yes,17.452,1198,0
Yes,19.225,1154,0
No,34.162,59,0
Yes,20.445,248,0
Yes,23.237,929,0
No,20.81,713,0
No,29.811,443,0
No,42.397,870,0
No,43.9,485,0
No,38.324,812,0
Yes,15.553,1067,0
No,52.066,41,0
Yes,23.636,1492,0
No,35.951,820,0
Yes,17.607,702,0
Yes,21.309,1337,0
No,44.121,671,0
Yes,20.119,1419,0
No,58.758,853,0
No,43.336,794,0
No,48.94,895,0
Yes,15.626,466,0
Yes,12.882,787,0
No,44.556,97,0
Yes,16.842,991,0
No,27.33,390,0
No,32.578,380,0
No,46.589,1702,0
No,57.769,1319,0
No,39.023,772,0
Yes,18.302,781,0
No,45.335,0,0
Yes,16.658,1447,0
Yes,19.146,1444,0
Yes,13.158,270,0
Yes,23.577,1086,0
No,27.319,990,0
No,57.139,935,0
No,69.542,127,0
Yes,19.428,1041,0
No,58.03,862,0
Yes,18.89,1086,0
No,31.826,0,0
No,45.802,1159,0
No,44.847,143,0
No,42.759,214,0
Yes,20.071,996,0
No,38.105,417,0
Yes,19.89,1205,0
No,47.378,1127,0
Yes,12.789,1418,0
No,38.193,655,0
Yes,23.153,1222,0
No,43.927,88,0
Yes,21.432,1032,0
No,35.648,551,0
No,57.232,229,0
No,61.011,1898,1
No,58.636,845,0
No,43.937,1131,0
No,40.078,1609,0
No,47.489,627,0
No,51.737,832,0
No,33.931,626,0
No,43.091,1091,0
No,39.587,692,0
Yes,22,711,0
Yes,17.974,814,0
No,38.968,0,0
No,27.438,2228,1
No,40.085,743,0
No,38.166,0,0
No,39.662,1148,0
No,48.198,944,0
Yes,14.937,919,0
Yes,18.344,635,0
No,55.19,76,0
No,45.31,1043,0
No,43.846,601,0
No,29.573,1094,0
Yes,21.666,0,0
No,36.682,326,0
No,36.697,1505,0
No,18.916,1666,0
Yes,18.402,1890,0
No,20.188,1439,0
No,13.902,620,0
No,49.359,1126,0
Yes,12.531,994,0
Yes,18.949,868,0
No,50.053,514,0
No,28.232,1089,0
No,36.314,801,0
No,40.046,461,0
Yes,18.958,1033,0
Yes,14.501,1022,0
No,22.943,468,0
No,31.524,1044,0
No,39.024,733,0
No,36.702,824,0
No,43.54,1834,1
Yes,12.241,584,0
No,41.872,774,0
Yes,11.929,788,0
No,55.893,269,0
No,36.133,340,0
No,25.376,767,0
No,34.514,1172,0
No,36.49,724,0
Yes,15.815,1049,0
No,45.195,1149,0
Yes,22.085,989,0
No,39.158,840,0
No,40.949,817,0
No,28.438,1037,0
Yes,19.915,656,0
No,36.965,942,0
No,38.293,47,0
No,35.358,822,0
No,18.983,57,0
Yes,19.982,1592,0
No,33.19,686,0
No,37.263,0,0
Yes,19.464,135,0
No,36.783,424,0
Yes,24.881,319,0
No,33.724,198,0
No,54.663,777,0
No,30.891,904,0
No,28.845,1467,0
No,30.611,367,0
No,49.087,168,0
No,27.79,272,0
Yes,8.971,1021,0
No,42.342,691,0
Yes,23.502,1168,0
No,56.521,588,0
No,47.061,173,0
No,51.113,315,0
Yes,22.664,2128,0
No,40.669,1237,0
Yes,7.678,1289,0
Yes,17.82,1875,1
Yes,15.294,899,0
No,36.828,1453,0
No,32.905,434,0
No,49.959,459,0
Yes,21.235,351,0
No,26.331,1259,1
Yes,17.439,439,0
No,44.455,350,0
No,48.523,0,0
No,42.762,746,0
No,58.413,210,0
No,59.401,1050,0
No,51.882,1391,0
Yes,12.21,1256,0
No,37.088,412,0
No,34.694,1070,0
No,37.027,755,0
Yes,23.236,1184,0
No,45.812,69,0
Yes,17.721,1208,0
No,41.179,1059,0
No,52.099,140,0
Yes,26.481,1840,0
No,38.881,529,0
No,49.541,1128,0
No,17.705,1078,0
No,22.343,734,0
Yes,17.876,1471,0
No,51.778,1128,0
No,35.032,1755,0
No,30.452,896,0
No,28.356,0,0
Yes,16.898,647,0
No,47.575,1625,0
No,41.53,1337,0
No,44.256,655,0
No,34.559,836,0
No,29.902,640,0
No,39.291,612,0
No,54.045,448,0
No,56.376,722,0
No,30.636,1536,0
No,42.139,772,0
No,32.189,1455,0
No,37.469,1161,0
No,34.535,930,0
No,38.882,1379,1
No,44.618,1434,0
No,58.893,606,0
No,42.332,1098,0
No,40.991,771,0
No,30.169,1178,0
No,39.347,1647,0
Yes,14.022,378,0
No,45.305,786,0
Yes,23.447,782,0
Yes,16.088,920,0
Yes,19.448,1824,0
No,29.661,774,0
No,37.189,279,0
No,47.205,1444,0
No,52.514,537,0
No,43.425,444,0
No,28.486,989,0
No,32.837,977,0
No,21.806,1085,0
No,29.774,272,0
No,34.402,1143,0
Yes,19.814,1072,0
No,43.483,1093,0
No,50.491,1074,0
No,17.862,465,0
No,10.892,1324,0
No,25.557,773,0
No,50.174,1252,0
No,24.893,0,0
No,42.815,24,0
Yes,15.575,1460,0
Yes,15.262,1590,0
Yes,24.963,1136,0
No,25.381,385,0
No,28.838,286,0
Yes,16.773,1245,0
No,49.635,1016,0
No,50.87,778,0
Yes,20.837,2,0
Yes,21.178,450,0
No,29.428,0,0
No,37.64,542,0
Yes,20.881,1084,0
No,44.15,1553,0
Yes,16.189,1183,0
No,32.676,950,0
Yes,26.028,944,0
No,34.494,2081,1
No,65.027,1626,0
Yes,21.342,345,0
Yes,21.032,1339,0
No,33.76,477,0
No,41.996,726,0
No,42.292,1113,0
No,32.276,650,0
Yes,20.574,1305,0
No,48.387,295,0
No,41.944,345,0
Yes,17.002,983,0
Yes,16.158,863,0
Yes,13.994,859,0
No,47.52,116,0
No,50.678,516,0
No,44.042,709,0
Yes,9.136,542,0
No,30.964,1258,0
Yes,15.552,1382,0
No,42.231,754,0
Yes,18.619,850,0
No,39.707,556,0
No,43.248,18,0
Yes,16.39,1236,0
No,39.077,809,0
Yes,21.359,1749,0
No,40.565,1429,0
No,24.155,267,0
Yes,24.537,1746,0
No,33.221,758,0
Yes,18.884,1199,0
Yes,15.092,662,0
No,34.418,1556,0
Yes,11.454,1322,0
No,41.864,0,0
No,44.369,927,0
No,38.723,1142,0
No,29.484,853,0
No,23.647,1280,0
No,41.022,1031,0
No,42.123,413,0
Yes,24.67,1448,0
Yes,16.602,1134,0
No,42.212,391,0
No,32.29,422,0
No,48.907,1322,0
Yes,16.519,1401,0
No,42.503,929,0
No,52.492,817,0
No,26.587,298,0
No,37.543,744,0
No,41.852,1540,0
No,29.105,1321,0
Yes,15.594,771,0
No,44.864,952,0
Yes,12.269,843,0
No,46.857,1643,1
No,34.891,1709,0
Yes,18.743,933,0
Yes,24.821,1778,0
Yes,23.501,1144,0
No,32.25,1028,0
No,32.28,55,0
No,36.515,783,0
No,32.761,690,0
No,28.188,892,0
Yes,24.074,471,0
No,45.089,1444,0
No,33.751,245,0
No,39.492,379,0
No,33.945,1055,0
Yes,32.761,1337,1
No,12.697,654,0
No,31.152,1033,0
No,52.625,543,0
No,33.099,1416,0
No,38.903,1163,0
No,45.582,1322,0
Yes,21.437,664,0
No,25.401,218,0
No,56.983,0,0
No,50.748,376,0
No,9.95,540,0
Yes,24.392,939,0
No,66.466,1673,1
No,44.444,944,0
No,53.398,770,0
No,44.717,1092,0
Yes,15.112,1579,0
Yes,19.566,328,0
No,46.228,1690,0
Yes,13.95,46,0
No,40.237,805,0
No,36.785,1267,0
No,43.484,344,0
No,33.046,572,0
No,21.541,1351,1
No,40.804,678,0
No,37.534,1496,0
No,62.765,926,0
No,54.946,310,0
No,17.993,682,0
